INSERT INTO course (id, name, spell, period, credit, type, sort, create_user, create_time, modify_user, modify_time, remark, is_enable) VALUES (1, 'JAVA 课程', null, 16, 1, '专业必修', null, null, '2019-08-01 12:15:44', null, '2019-08-07 08:08:09', null, 1);
INSERT INTO course (id, name, spell, period, credit, type, sort, create_user, create_time, modify_user, modify_time, remark, is_enable) VALUES (2, '吃饭睡觉', null, 16, 1, '专业必修', null, null, '2019-08-01 12:15:44', null, '2019-08-07 08:08:09', null, 1);
INSERT INTO course (id, name, spell, period, credit, type, sort, create_user, create_time, modify_user, modify_time, remark, is_enable) VALUES (3, '打豆豆', null, 16, 1, '专业必修', null, null, '2019-08-01 12:15:44', null, '2019-08-07 08:08:09', null, 1);
INSERT INTO course (id, name, spell, period, credit, type, sort, create_user, create_time, modify_user, modify_time, remark, is_enable) VALUES (4, '苏喂苏喂', null, 32, 1, '专业必修', null, null, '2019-08-07 08:09:40', null, '2019-08-07 08:09:40', null, 1);
INSERT INTO course (id, name, spell, period, credit, type, sort, create_user, create_time, modify_user, modify_time, remark, is_enable) VALUES (5, '苏喂喂喂', null, 32, 1, '专业必修', null, null, '2019-08-07 08:09:40', null, '2019-08-07 08:09:40', null, 1);
INSERT INTO course (id, name, spell, period, credit, type, sort, create_user, create_time, modify_user, modify_time, remark, is_enable) VALUES (6, 'C哩C哩C哩', null, 32, 1, '专业必修', null, null, '2019-08-07 08:09:40', null, '2019-08-07 08:09:40', null, 1);
INSERT INTO course (id, name, spell, period, credit, type, sort, create_user, create_time, modify_user, modify_time, remark, is_enable) VALUES (7, '我们一起学锚叫', '', 32, 1, '专业必修', null, null, '2019-08-07 08:09:40', null, '2019-08-07 08:09:40', null, 1);
INSERT INTO course (id, name, spell, period, credit, type, sort, create_user, create_time, modify_user, modify_time, remark, is_enable) VALUES (8, '一起汪汪汪敖呜', null, 32, 1, '专业必修', null, null, '2019-08-07 08:09:40', null, '2019-08-07 08:09:40', null, 1);
INSERT INTO course (id, name, spell, period, credit, type, sort, create_user, create_time, modify_user, modify_time, remark, is_enable) VALUES (9, '测试课程哇哇', null, 20, 1, '选修', null, null, '2019-08-07 08:09:40', null, '2019-08-07 08:09:40', null, 1);

INSERT INTO course_timetable_location (id, name, spell, logic_class_id, weeks, location, weekday, class_section, sort, create_user, create_time, modify_user, modify_time, remark, is_enable) VALUES (1, 'Let''s go', null, 1, null, null, null, null, null, null, '2019-08-01 12:17:02', null, '2019-08-07 08:10:10', null, 1);
INSERT INTO course_timetable_location (id, name, spell, logic_class_id, weeks, location, weekday, class_section, sort, create_user, create_time, modify_user, modify_time, remark, is_enable) VALUES (2, '山的那边', null, 2, null, null, null, null, null, null, '2019-08-07 08:10:10', null, '2019-08-07 08:13:02', null, 1);
INSERT INTO course_timetable_location (id, name, spell, logic_class_id, weeks, location, weekday, class_section, sort, create_user, create_time, modify_user, modify_time, remark, is_enable) VALUES (3, '是谁带来远古的呼唤', null, 3, null, null, null, null, null, null, '2019-08-07 08:13:50', null, '2019-08-07 08:13:50', null, 1);
INSERT INTO course_timetable_location (id, name, spell, logic_class_id, weeks, location, weekday, class_section, sort, create_user, create_time, modify_user, modify_time, remark, is_enable) VALUES (4, '是她是她就是她，我们的朋友，小哪吒', null, 4, null, null, null, null, null, null, '2019-08-07 08:13:50', null, '2019-08-07 08:13:50', null, 1);
INSERT INTO course_timetable_location (id, name, spell, logic_class_id, weeks, location, weekday, class_section, sort, create_user, create_time, modify_user, modify_time, remark, is_enable) VALUES (5, 'Fireinthehole', null, 5, null, null, null, null, null, null, '2019-08-07 08:14:44', null, '2019-08-07 08:14:44', null, 1);
INSERT INTO course_timetable_location (id, name, spell, logic_class_id, weeks, location, weekday, class_section, sort, create_user, create_time, modify_user, modify_time, remark, is_enable) VALUES (6, '啊贡', null, 6, null, null, null, null, null, null, '2019-08-07 08:14:54', null, '2019-08-07 08:14:54', null, 1);

INSERT INTO essay (id, name, spell, difficult_rate, answer, explanation, course_id, section_id, knowledge_id, sort, create_user, create_time, modify_user, modify_time, remark, is_enable, is_public) VALUES (1, '你是男的女的', null, 1, '1', null, 1, 1, 2, null, null, '2019-08-05 13:31:55', null, '2020-01-13 21:34:46', null, 1, 1);
INSERT INTO essay (id, name, spell, difficult_rate, answer, explanation, course_id, section_id, knowledge_id, sort, create_user, create_time, modify_user, modify_time, remark, is_enable, is_public) VALUES (2, '你是公的母的', null, 1, '1', null, 2, 1, 1, null, null, '2019-08-07 08:15:49', null, '2020-01-13 21:34:14', null, 1, 1);
INSERT INTO essay (id, name, spell, difficult_rate, answer, explanation, course_id, section_id, knowledge_id, sort, create_user, create_time, modify_user, modify_time, remark, is_enable, is_public) VALUES (3, '你是男的女的', null, 1, '1', null, 1, 2, 2, null, null, '2019-08-05 13:31:55', null, '2020-01-13 22:17:36', null, 1, 0);

INSERT INTO exam (id, name, spell, start_time, end_time, publication_time, total_use_time, total_score, course_id, logic_class_ids, method, allow_times, is_publish, sort, create_user, create_time, modify_user, modify_time, remark, is_enable) VALUES (1, '人生第一次', null, null, null, null, null, null, 1, '5,6,7', 0, null, 1, null, null, '2019-08-05 13:42:18', null, '2019-08-07 08:16:17', null, 1);
INSERT INTO exam (id, name, spell, start_time, end_time, publication_time, total_use_time, total_score, course_id, logic_class_ids, method, allow_times, is_publish, sort, create_user, create_time, modify_user, modify_time, remark, is_enable) VALUES (2, '冻住！不许走', null, null, null, null, null, null, 2, '5,7', 0, null, 1, null, null, '2019-08-07 08:16:32', null, '2019-08-07 08:16:32', null, 1);
INSERT INTO exam (id, name, spell, start_time, end_time, publication_time, total_use_time, total_score, course_id, logic_class_ids, method, allow_times, is_publish, sort, create_user, create_time, modify_user, modify_time, remark, is_enable) VALUES (3, '午时已到', null, null, null, null, null, null, 3, '6,7', 0, null, 1, null, null, '2019-08-07 08:16:45', null, '2019-08-07 08:16:45', null, 1);
INSERT INTO exam (id, name, spell, start_time, end_time, publication_time, total_use_time, total_score, course_id, logic_class_ids, method, allow_times, is_publish, sort, create_user, create_time, modify_user, modify_time, remark, is_enable) VALUES (4, '这也太劲霸了', null, null, null, null, null, null, 4, '5', 0, null, 1, null, null, '2019-08-07 08:17:17', null, '2019-08-07 08:17:17', null, 1);
INSERT INTO exam (id, name, spell, start_time, end_time, publication_time, total_use_time, total_score, course_id, logic_class_ids, method, allow_times, is_publish, sort, create_user, create_time, modify_user, modify_time, remark, is_enable) VALUES (5, '哟及洛尅哟尅!', null, null, null, null, null, null, 5, '6', 0, null, 1, null, null, '2019-08-07 08:17:54', null, '2019-08-07 08:17:54', null, 1);
INSERT INTO exam (id, name, spell, start_time, end_time, publication_time, total_use_time, total_score, course_id, logic_class_ids, method, allow_times, is_publish, sort, create_user, create_time, modify_user, modify_time, remark, is_enable) VALUES (6, '哇咋哇哈，啊哈哈哈哈哈哈哈哈', null, null, null, null, null, null, 6, '6,7', 0, null, 1, null, null, '2019-08-07 08:18:15', null, '2019-08-07 08:18:15', null, 1);

INSERT INTO exam_history (id, name, spell, exam_id, student_id, max_score, paper_id, exam_time, times, sort, create_user, create_time, modify_user, modify_time, remark, is_enable) VALUES (1, '1', null, 1, 2, null, 1, null, 0, null, null, '2019-08-05 14:11:29', null, '2019-08-05 15:11:04', null, 1);
INSERT INTO exam_history (id, name, spell, exam_id, student_id, max_score, paper_id, exam_time, times, sort, create_user, create_time, modify_user, modify_time, remark, is_enable) VALUES (2, '1', null, 2, 3, null, 1, null, 0, null, null, '2019-08-05 14:11:29', null, '2019-08-07 08:18:39', null, 1);
INSERT INTO exam_history (id, name, spell, exam_id, student_id, max_score, paper_id, exam_time, times, sort, create_user, create_time, modify_user, modify_time, remark, is_enable) VALUES (3, '1', null, 2, 1, null, 1, null, 0, null, null, '2019-08-05 14:11:29', null, '2019-08-07 08:18:48', null, 1);
INSERT INTO exam_history (id, name, spell, exam_id, student_id, max_score, paper_id, exam_time, times, sort, create_user, create_time, modify_user, modify_time, remark, is_enable) VALUES (4, '1', null, 1, 2, null, 1, null, 0, null, null, '2019-08-05 14:11:29', null, '2019-08-05 15:11:04', null, 1);
INSERT INTO exam_history (id, name, spell, exam_id, student_id, max_score, paper_id, exam_time, times, sort, create_user, create_time, modify_user, modify_time, remark, is_enable) VALUES (5, '1', null, 3, 1, null, 1, null, 0, null, null, '2019-08-05 14:11:29', null, '2019-08-07 08:18:48', null, 1);
INSERT INTO exam_history (id, name, spell, exam_id, student_id, max_score, paper_id, exam_time, times, sort, create_user, create_time, modify_user, modify_time, remark, is_enable) VALUES (6, '1', null, 4, 3, null, 1, null, 0, null, null, '2019-08-05 14:11:29', null, '2019-08-07 08:18:48', null, 1);
INSERT INTO exam_history (id, name, spell, exam_id, student_id, max_score, paper_id, exam_time, times, sort, create_user, create_time, modify_user, modify_time, remark, is_enable) VALUES (7, '1', null, 4, 1, null, 1, null, 0, null, null, '2019-08-05 14:11:29', null, '2019-08-07 08:18:48', null, 1);
INSERT INTO exam_history (id, name, spell, exam_id, student_id, max_score, paper_id, exam_time, times, sort, create_user, create_time, modify_user, modify_time, remark, is_enable) VALUES (8, '1', null, 5, 1, null, 1, null, 0, null, null, '2019-08-05 14:11:29', null, '2019-08-07 08:18:48', null, 1);
INSERT INTO exam_history (id, name, spell, exam_id, student_id, max_score, paper_id, exam_time, times, sort, create_user, create_time, modify_user, modify_time, remark, is_enable) VALUES (9, '1', null, 2, 2, null, 1, null, 0, null, null, '2019-08-05 14:11:29', null, '2019-08-07 08:18:48', null, 1);
INSERT INTO exam_history (id, name, spell, exam_id, student_id, max_score, paper_id, exam_time, times, sort, create_user, create_time, modify_user, modify_time, remark, is_enable) VALUES (10, '1', null, 6, 3, null, 1, null, 0, null, null, '2019-08-05 14:11:29', null, '2019-08-07 08:18:48', null, 1);
INSERT INTO exam_history (id, name, spell, exam_id, student_id, max_score, paper_id, exam_time, times, sort, create_user, create_time, modify_user, modify_time, remark, is_enable) VALUES (11, '1', null, 5, 3, null, 1, null, 0, null, null, '2019-08-05 14:11:29', null, '2019-08-07 08:18:48', null, 1);
INSERT INTO exam_history (id, name, spell, exam_id, student_id, max_score, paper_id, exam_time, times, sort, create_user, create_time, modify_user, modify_time, remark, is_enable) VALUES (12, '1', null, 1, 1, null, 1, null, 0, null, null, '2019-08-05 14:11:29', null, '2019-08-07 08:18:39', null, 1);
INSERT INTO exam_history (id, name, spell, exam_id, student_id, max_score, paper_id, exam_time, times, sort, create_user, create_time, modify_user, modify_time, remark, is_enable) VALUES (13, '1', null, 2, 2, null, 1, null, 0, null, null, '2019-08-05 14:11:29', null, '2019-08-07 08:18:48', null, 1);

INSERT INTO exam_rule (id, name, spell, exam_id, question_type, question_count, start_difficult_rate, end_difficult_rate, each_value, sort, create_user, create_time, modify_user, modify_time, remark, is_enable) VALUES (1, '嚄霍霍', null, 1, '1', null, null, null, 1, null, null, '2019-08-05 14:09:13', null, '2019-08-07 08:19:39', null, 1);
INSERT INTO exam_rule (id, name, spell, exam_id, question_type, question_count, start_difficult_rate, end_difficult_rate, each_value, sort, create_user, create_time, modify_user, modify_time, remark, is_enable) VALUES (2, '身可死，武士之名不可弃', null, 2, '2', null, null, null, 2, null, null, '2019-08-07 08:19:39', null, '2019-08-07 08:19:39', null, 1);
INSERT INTO exam_rule (id, name, spell, exam_id, question_type, question_count, start_difficult_rate, end_difficult_rate, each_value, sort, create_user, create_time, modify_user, modify_time, remark, is_enable) VALUES (3, '吾所成之事，不可逆也', null, 3, '1', null, null, null, 12, null, null, '2019-08-07 08:20:18', null, '2019-08-07 08:20:18', null, 1);
INSERT INTO exam_rule (id, name, spell, exam_id, question_type, question_count, start_difficult_rate, end_difficult_rate, each_value, sort, create_user, create_time, modify_user, modify_time, remark, is_enable) VALUES (4, '在别的游戏里像我这么帅的一般都是主角哦', null, 3, '1', null, null, null, 21, null, null, '2019-08-07 08:20:31', null, '2019-08-07 08:20:31', null, 1);
INSERT INTO exam_rule (id, name, spell, exam_id, question_type, question_count, start_difficult_rate, end_difficult_rate, each_value, sort, create_user, create_time, modify_user, modify_time, remark, is_enable) VALUES (5, '艾欧尼亚，昂扬不灭', null, 4, '1', null, null, null, 32, null, null, '2019-08-07 08:21:00', null, '2019-08-07 08:21:00', null, 1);
INSERT INTO exam_rule (id, name, spell, exam_id, question_type, question_count, start_difficult_rate, end_difficult_rate, each_value, sort, create_user, create_time, modify_user, modify_time, remark, is_enable) VALUES (6, '这个世界需要更多的英雄', null, 5, '2', null, null, null, 32, null, null, '2019-08-07 08:21:19', null, '2019-08-07 08:21:19', null, 1);

INSERT INTO judgement (id, name, spell, difficult_rate, answer, explanation, course_id, section_id, knowledge_id, sort, create_user, create_time, modify_user, modify_time, remark, is_enable, is_public) VALUES (1, '你是个东西嘛？', null, 0.1, 1, null, 1, 1, 1, null, null, '2019-08-05 14:18:06', null, '2019-08-07 08:22:02', null, 1, 0);
INSERT INTO judgement (id, name, spell, difficult_rate, answer, explanation, course_id, section_id, knowledge_id, sort, create_user, create_time, modify_user, modify_time, remark, is_enable, is_public) VALUES (2, '你是什么垃圾啊？', null, 0.5, 1, null, 1, 1, 1, null, null, '2019-08-07 08:22:02', null, '2020-01-13 21:34:54', null, 1, 1);
INSERT INTO judgement (id, name, spell, difficult_rate, answer, explanation, course_id, section_id, knowledge_id, sort, create_user, create_time, modify_user, modify_time, remark, is_enable, is_public) VALUES (3, '你是大件货还是小件货', null, 0.4, 1, null, 2, 1, 3, null, null, '2019-08-07 08:34:00', null, '2019-08-07 08:34:00', null, 1, 0);
INSERT INTO judgement (id, name, spell, difficult_rate, answer, explanation, course_id, section_id, knowledge_id, sort, create_user, create_time, modify_user, modify_time, remark, is_enable, is_public) VALUES (4, '可回收', null, 0.1, 0x33, null, 3, 2, 3, null, null, '2019-08-07 08:34:26', null, '2020-01-13 21:34:55', null, 1, 1);
INSERT INTO judgement (id, name, spell, difficult_rate, answer, explanation, course_id, section_id, knowledge_id, sort, create_user, create_time, modify_user, modify_time, remark, is_enable, is_public) VALUES (6, '不可回收', null, 0.1, 1, null, 2, 3, 3, null, null, '2019-08-07 08:35:12', null, '2019-08-07 08:35:12', null, 1, 0);

INSERT INTO knowledge (id, name, spell, intro, parent_id, course_id, section_id, sort, create_user, create_time, modify_user, modify_time, remark, is_enable) VALUES (1, '知道', null, null, 0, 1, 1, null, null, '2019-08-05 13:28:53', null, '2019-08-07 08:31:58', null, 1);
INSERT INTO knowledge (id, name, spell, intro, parent_id, course_id, section_id, sort, create_user, create_time, modify_user, modify_time, remark, is_enable) VALUES (2, '知了', null, null, 1, 1, 1, null, null, '2019-08-05 13:29:34', null, '2019-08-07 08:31:58', null, 1);
INSERT INTO knowledge (id, name, spell, intro, parent_id, course_id, section_id, sort, create_user, create_time, modify_user, modify_time, remark, is_enable) VALUES (3, '知你个大头鬼', null, null, 0, 2, 1, null, null, '2019-08-07 08:31:58', null, '2019-08-07 08:31:58', null, 1);

INSERT INTO logic_class (id, name, spell, type, school_id, college_id, dep_id, specialty_id, classes_id, student_id, teacher_id, semester_id, course_id, period, credit, course_type, sort, create_user, create_time, modify_user, modify_time, remark, is_enable) VALUES (1, '来次魔术戏法怎么样', null, 0, 1, 2, 3, 4, 5, null, 1, 1, 1, null, null, null, null, null, '2019-08-01 12:16:40', null, '2019-08-07 08:11:58', null, 1);
INSERT INTO logic_class (id, name, spell, type, school_id, college_id, dep_id, specialty_id, classes_id, student_id, teacher_id, semester_id, course_id, period, credit, course_type, sort, create_user, create_time, modify_user, modify_time, remark, is_enable) VALUES (2, '天降正义', null, 1, 1, 2, 3, 4, null, 1, 2, 4, 2, null, null, null, null, null, '2019-08-04 15:09:31', null, '2019-08-07 08:46:25', null, 1);
INSERT INTO logic_class (id, name, spell, type, school_id, college_id, dep_id, specialty_id, classes_id, student_id, teacher_id, semester_id, course_id, period, credit, course_type, sort, create_user, create_time, modify_user, modify_time, remark, is_enable) VALUES (3, '在这儿停顿', null, 0, 1, 2, 3, 4, 5, null, 1, 1, 3, null, null, null, null, null, '2019-08-04 15:09:57', null, '2019-08-07 08:11:58', null, 1);
INSERT INTO logic_class (id, name, spell, type, school_id, college_id, dep_id, specialty_id, classes_id, student_id, teacher_id, semester_id, course_id, period, credit, course_type, sort, create_user, create_time, modify_user, modify_time, remark, is_enable) VALUES (4, '英雄不朽', null, 0, 1, 2, 3, 4, 5, null, 1, 2, 1, null, null, null, null, null, '2019-08-07 08:11:58', null, '2019-08-07 08:46:25', null, 1);
INSERT INTO logic_class (id, name, spell, type, school_id, college_id, dep_id, specialty_id, classes_id, student_id, teacher_id, semester_id, course_id, period, credit, course_type, sort, create_user, create_time, modify_user, modify_time, remark, is_enable) VALUES (5, '呀卡提boy', null, 1, 1, 2, 3, 4, null, 1, 2, 2, 3, null, null, null, null, null, '2019-08-07 08:11:58', null, '2019-08-07 08:46:25', null, 1);
INSERT INTO logic_class (id, name, spell, type, school_id, college_id, dep_id, specialty_id, classes_id, student_id, teacher_id, semester_id, course_id, period, credit, course_type, sort, create_user, create_time, modify_user, modify_time, remark, is_enable) VALUES (6, '摸啊洒家呀地洒尅胡娜', null, 0, 1, 2, 3, 4, 5, null, 2, 3, 4, null, null, null, null, null, '2019-08-07 08:12:53', null, '2019-08-07 08:46:25', null, 1);

INSERT INTO multi_sel (id, name, spell, difficult_rate, answer, explanation, course_id, section_id, knowledge_id, sort, create_user, create_time, modify_user, modify_time, remark, is_enable, is_public) VALUES (1, 'more', null, 0.1, null, null, 1, 1, 1, null, null, '2019-08-05 13:40:32', null, '2019-08-05 13:40:32', null, 1, 0);
INSERT INTO multi_sel (id, name, spell, difficult_rate, answer, explanation, course_id, section_id, knowledge_id, sort, create_user, create_time, modify_user, modify_time, remark, is_enable, is_public) VALUES (2, '哦嚯嚯', null, 0.1, null, null, 1, 1, 1, null, null, '2019-08-05 13:40:32', null, '2019-08-05 13:40:32', null, 1, 1);

INSERT INTO paper (id, name, spell, exam_id, student_id, start_time, submit_time, score, single_sel_ids, single_sel_option_ids, multi_sel_ids, multi_sel_option_ids, judgement_ids, judgement_option_ids, essay_ids, program_ids, sort, create_user, create_time, modify_user, modify_time, remark, is_enable) VALUES (1, '数学卷', null, 1, 1, null, null, null, '1', '1,2', '1', '1,2', null, null, '1', null, null, null, '2019-08-05 13:42:50', null, '2019-08-07 08:38:17', null, 1);
INSERT INTO paper (id, name, spell, exam_id, student_id, start_time, submit_time, score, single_sel_ids, single_sel_option_ids, multi_sel_ids, multi_sel_option_ids, judgement_ids, judgement_option_ids, essay_ids, program_ids, sort, create_user, create_time, modify_user, modify_time, remark, is_enable) VALUES (2, '语文卷', null, 2, 2, null, null, null, '1', '1', '1', '2', null, null, null, null, null, null, '2019-08-07 08:38:17', null, '2019-08-07 08:38:17', null, 1);
INSERT INTO paper (id, name, spell, exam_id, student_id, start_time, submit_time, score, single_sel_ids, single_sel_option_ids, multi_sel_ids, multi_sel_option_ids, judgement_ids, judgement_option_ids, essay_ids, program_ids, sort, create_user, create_time, modify_user, modify_time, remark, is_enable) VALUES (3, '巧克力卷', null, 3, 1, null, null, null, '2', '2', '1', '1', null, null, null, null, null, null, '2019-08-07 08:38:17', null, '2019-08-07 08:38:17', null, 1);
INSERT INTO paper (id, name, spell, exam_id, student_id, start_time, submit_time, score, single_sel_ids, single_sel_option_ids, multi_sel_ids, multi_sel_option_ids, judgement_ids, judgement_option_ids, essay_ids, program_ids, sort, create_user, create_time, modify_user, modify_time, remark, is_enable) VALUES (4, '冰淇淋卷', null, 4, 2, null, null, null, '1', '2', '2', '1', null, null, null, null, null, null, '2019-08-07 08:38:17', null, '2019-08-07 08:38:17', null, 1);

INSERT INTO paper_detail (id, name, spell, paper_id, question_type, question_id, ref_answer, user_answer, org_value, obtain_value, sort, create_user, create_time, modify_user, modify_time, remark, is_enable) VALUES (1, '大足替自己', null, 1, 1, 1, null, null, null, null, null, null, '2019-08-05 13:45:11', null, '2019-08-07 08:38:52', null, 1);
INSERT INTO paper_detail (id, name, spell, paper_id, question_type, question_id, ref_answer, user_answer, org_value, obtain_value, sort, create_user, create_time, modify_user, modify_time, remark, is_enable) VALUES (2, '啊阿斯顿发射的法使得发送非但是仿盛大发射的发达是否', null, 2, 1, 2, null, null, null, null, null, null, '2019-08-07 08:38:52', null, '2019-08-07 08:38:52', null, 1);

INSERT INTO program (id, name, spell, difficult_rate, answer, explanation, course_id, section_id, knowledge_id, sort, create_user, create_time, modify_user, modify_time, remark, is_enable, is_public) VALUES (1, '求我的心理阴影面积', null, 0.1, '1', null, 1, 1, 1, null, null, '2019-08-05 14:14:35', null, '2019-08-07 08:39:40', null, 1, 0);
INSERT INTO program (id, name, spell, difficult_rate, answer, explanation, course_id, section_id, knowledge_id, sort, create_user, create_time, modify_user, modify_time, remark, is_enable, is_public) VALUES (2, '编个鬼', null, 0.5, '1', null, 2, 1, 2, null, null, '2019-08-07 08:39:40', null, '2020-01-13 21:35:49', null, 1, 1);

INSERT INTO section (id, name, spell, intro, course_id, parent_id, type, sort, create_user, create_time, modify_user, modify_time, remark, is_enable) VALUES (1, 'first blood', null, null, 1, 0, 0, null, null, '2019-08-05 13:27:22', null, '2019-08-07 08:27:29', null, 1);
INSERT INTO section (id, name, spell, intro, course_id, parent_id, type, sort, create_user, create_time, modify_user, modify_time, remark, is_enable) VALUES (2, 'double kill', null, null, 1, 0, 0, null, null, '2019-08-07 08:23:23', null, '2019-08-07 08:27:29', null, 1);
INSERT INTO section (id, name, spell, intro, course_id, parent_id, type, sort, create_user, create_time, modify_user, modify_time, remark, is_enable) VALUES (3, 'triple kill ', null, null, 1, 0, 0, null, null, '2019-08-07 08:23:23', null, '2019-08-07 08:27:29', null, 1);
INSERT INTO section (id, name, spell, intro, course_id, parent_id, type, sort, create_user, create_time, modify_user, modify_time, remark, is_enable) VALUES (4, 'quadra kill ', null, null, 2, 0, 0, null, null, '2019-08-07 08:26:02', null, '2019-08-07 08:27:29', null, 1);
INSERT INTO section (id, name, spell, intro, course_id, parent_id, type, sort, create_user, create_time, modify_user, modify_time, remark, is_enable) VALUES (5, 'penta kill ', null, null, 2, 0, 0, null, null, '2019-08-07 08:26:10', null, '2019-08-07 08:27:29', null, 1);
INSERT INTO section (id, name, spell, intro, course_id, parent_id, type, sort, create_user, create_time, modify_user, modify_time, remark, is_enable) VALUES (6, 'aced', null, null, 1, 0, 0, null, null, '2019-08-07 08:26:18', null, '2019-08-07 08:27:29', null, 1);
INSERT INTO section (id, name, spell, intro, course_id, parent_id, type, sort, create_user, create_time, modify_user, modify_time, remark, is_enable) VALUES (7, 'killing spring', null, null, 2, 0, 0, null, null, '2019-08-07 08:26:26', null, '2019-08-07 08:27:29', null, 1);
INSERT INTO section (id, name, spell, intro, course_id, parent_id, type, sort, create_user, create_time, modify_user, modify_time, remark, is_enable) VALUES (9, 'unstoppable', null, null, 3, 0, 0, null, null, '2019-08-07 08:26:36', null, '2019-08-07 08:27:29', null, 1);
INSERT INTO section (id, name, spell, intro, course_id, parent_id, type, sort, create_user, create_time, modify_user, modify_time, remark, is_enable) VALUES (10, 'dominating', null, null, 1, 0, 0, null, null, '2019-08-07 08:26:44', null, '2019-08-07 08:27:29', null, 1);
INSERT INTO section (id, name, spell, intro, course_id, parent_id, type, sort, create_user, create_time, modify_user, modify_time, remark, is_enable) VALUES (11, 'godlike', null, null, 3, 0, 0, null, null, '2019-08-07 08:26:52', null, '2019-08-07 08:27:29', null, 1);
INSERT INTO section (id, name, spell, intro, course_id, parent_id, type, sort, create_user, create_time, modify_user, modify_time, remark, is_enable) VALUES (12, 'legendary', null, null, 3, 0, 0, null, null, '2019-08-07 08:27:01', null, '2019-08-07 08:27:29', null, 1);

INSERT INTO sel_options (id, name, spell, question_id, type, sort, create_user, create_time, modify_user, modify_time, remark, is_enable) VALUES (1, '快选', null, 1, 0, null, null, '2019-08-05 13:40:14', null, '2019-08-07 08:28:29', null, 1);
INSERT INTO sel_options (id, name, spell, question_id, type, sort, create_user, create_time, modify_user, modify_time, remark, is_enable) VALUES (2, '给老子选', null, 1, 1, null, null, '2019-08-05 13:40:14', null, '2019-08-07 08:28:29', null, 1);
INSERT INTO sel_options (id, name, spell, question_id, type, sort, create_user, create_time, modify_user, modify_time, remark, is_enable) VALUES (3, '不选老子打死你', null, 1, 0, null, null, '2019-08-07 08:28:29', null, '2019-08-07 08:28:29', null, 1);

INSERT INTO single_sel (id, name, spell, difficult_rate, answer, explanation, course_id, section_id, knowledge_id, sort, create_user, create_time, modify_user, modify_time, remark, is_enable, is_public) VALUES (1, '1+1=', null, 1, 1, null, 1, 1, 1, null, null, '2019-08-05 13:40:45', null, '2019-08-07 08:30:34', null, 1, 0);
INSERT INTO single_sel (id, name, spell, difficult_rate, answer, explanation, course_id, section_id, knowledge_id, sort, create_user, create_time, modify_user, modify_time, remark, is_enable, is_public) VALUES (4, '2+2=', null, 2, 2, null, 2, 1, 1, null, null, '2019-08-07 08:30:34', null, '2020-01-13 21:36:02', null, 1, 1);
INSERT INTO single_sel (id, name, spell, difficult_rate, answer, explanation, course_id, section_id, knowledge_id, sort, create_user, create_time, modify_user, modify_time, remark, is_enable, is_public) VALUES (5, '我+你=', null, 1, 2, null, 1, 1, 1, null, null, '2019-08-07 08:30:34', null, '2020-01-13 21:36:02', null, 1, 1);
INSERT INTO single_sel (id, name, spell, difficult_rate, answer, explanation, course_id, section_id, knowledge_id, sort, create_user, create_time, modify_user, modify_time, remark, is_enable, is_public) VALUES (6, '我+她=', null, 1, 3, null, 2, 1, 1, null, null, '2019-08-07 08:30:34', null, '2019-08-07 08:30:34', null, 1, 0);
INSERT INTO single_sel (id, name, spell, difficult_rate, answer, explanation, course_id, section_id, knowledge_id, sort, create_user, create_time, modify_user, modify_time, remark, is_enable, is_public) VALUES (7, '我+他=', null, 3, 1, null, 2, 1, 1, null, null, '2019-08-07 08:30:34', null, '2020-01-13 21:36:02', null, 1, 1);
INSERT INTO single_sel (id, name, spell, difficult_rate, answer, explanation, course_id, section_id, knowledge_id, sort, create_user, create_time, modify_user, modify_time, remark, is_enable, is_public) VALUES (8, '好了没你的事了', null, 2, 3, null, 1, 1, 1, null, null, '2019-08-07 08:30:34', null, '2019-08-07 08:30:34', null, 1, 0);

INSERT INTO sys_log (id, name, spell, browser, operation, from_url, ip, url, args, result, status, sort, create_user, create_time, modify_user, modify_time, remark, is_enable) VALUES (3, null, null, 'PostmanRuntime/7.15.0', 'GET', 'http://127.0.0.1:8080/', '127.0.0.1', '/', '', '<200 OK OK,links: [<http://127.0.0.1:8080/sysRes{?page,size,sort}>;rel="sysReses", <http://127.0.0.1:8080/teacher{?page,size,sort}>;rel="teachers", <http://127.0.0.1:8080/knowledge{?page,size,sort}>;rel="knowledges", <http://127.0.0.1:8080/logicClass{?page,size,sort}>;rel="logicClasses", <http://127.0.0.1:8080/singleSel{?page,size,sort}>;rel="singleSels", <http://127.0.0.1:8080/appeal{?page,size,sort}>;rel="appeals", <http://127.0.0.1:8080/student{?page,size,sort}>;rel="students", <http://127.0.0.1:8080/paper{?page,size,sort}>;rel="papers", <http://127.0.0.1:8080/userConnection{?page,size,sort}>;rel="userConnections", <http://127.0.0.1:8080/multiSel{?page,size,sort}>;rel="multiSels", <http://127.0.0.1:8080/program{?page,size,sort}>;rel="programs", <http://127.0.0.1:8080/courseTimetableLocation{?page,size,sort}>;rel="courseTimetableLocations", <http://127.0.0.1:8080/judgement{?page,size,sort}>;rel="judgements", <http://127.0.0.1:8080/sysLog{?page,size,sort}>;rel="sysLogs", <http://127.0.0.1:8080/exam{?page,size,sort}>;rel="exams", <http://127.0.0.1:8080/semester{?page,size,sort}>;rel="semesters", <http://127.0.0.1:8080/course{?page,size,sort}>;rel="courses", <http://127.0.0.1:8080/essay{?page,size,sort}>;rel="essays", <http://127.0.0.1:8080/sysRoleRes{?page,size,sort}>;rel="sysRoleReses", <http://127.0.0.1:8080/examHistory{?page,size,sort}>;rel="examHistories", <http://127.0.0.1:8080/selOptions{?page,size,sort}>;rel="selOptionses", <http://127.0.0.1:8080/examRule{?page,size,sort}>;rel="examRules", <http://127.0.0.1:8080/sysUserRole{?page,size,sort}>;rel="sysUserRoles", <http://127.0.0.1:8080/section{?page,size,sort}>;rel="sections", <http://127.0.0.1:8080/paperDetail{?page,size,sort}>;rel="paperDetails", <http://127.0.0.1:8080/sysData{?page,size,sort}>;rel="sysDatas", <http://127.0.0.1:8080/sysUser{?page,size,sort}>;rel="sysUsers", <http://127.0.0.1:8080/sysRole{?page,size,sort}>;rel="sysRoles"],[]>', '1', null, null, '2019-06-23 09:06:50', null, '2019-06-23 09:06:50', null, 1);
INSERT INTO sys_log (id, name, spell, browser, operation, from_url, ip, url, args, result, status, sort, create_user, create_time, modify_user, modify_time, remark, is_enable) VALUES (4, null, null, 'PostmanRuntime/7.15.0', 'GET', 'http://127.0.0.1:8080/', '127.0.0.1', '/', '', '<200 OK OK,links: [<http://127.0.0.1:8080/student{?page,size,sort}>;rel="students", <http://127.0.0.1:8080/courseTimetableLocation{?page,size,sort}>;rel="courseTimetableLocations", <http://127.0.0.1:8080/sysLog{?page,size,sort}>;rel="sysLogs", <http://127.0.0.1:8080/judgement{?page,size,sort}>;rel="judgements", <http://127.0.0.1:8080/teacher{?page,size,sort}>;rel="teachers", <http://127.0.0.1:8080/examRule{?page,size,sort}>;rel="examRules", <http://127.0.0.1:8080/logicClass{?page,size,sort}>;rel="logicClasses", <http://127.0.0.1:8080/sysRoleRes{?page,size,sort}>;rel="sysRoleReses", <http://127.0.0.1:8080/selOptions{?page,size,sort}>;rel="selOptionses", <http://127.0.0.1:8080/userConnection{?page,size,sort}>;rel="userConnections", <http://127.0.0.1:8080/program{?page,size,sort}>;rel="programs", <http://127.0.0.1:8080/semester{?page,size,sort}>;rel="semesters", <http://127.0.0.1:8080/sysData{?page,size,sort}>;rel="sysDatas", <http://127.0.0.1:8080/essay{?page,size,sort}>;rel="essays", <http://127.0.0.1:8080/appeal{?page,size,sort}>;rel="appeals", <http://127.0.0.1:8080/examHistory{?page,size,sort}>;rel="examHistories", <http://127.0.0.1:8080/paperDetail{?page,size,sort}>;rel="paperDetails", <http://127.0.0.1:8080/singleSel{?page,size,sort}>;rel="singleSels", <http://127.0.0.1:8080/knowledge{?page,size,sort}>;rel="knowledges", <http://127.0.0.1:8080/section{?page,size,sort}>;rel="sections", <http://127.0.0.1:8080/sysRole{?page,size,sort}>;rel="sysRoles", <http://127.0.0.1:8080/multiSel{?page,size,sort}>;rel="multiSels", <http://127.0.0.1:8080/paper{?page,size,sort}>;rel="papers", <http://127.0.0.1:8080/sysRes{?page,size,sort}>;rel="sysReses", <http://127.0.0.1:8080/course{?page,size,sort}>;rel="courses", <http://127.0.0.1:8080/sysUser{?page,size,sort}>;rel="sysUsers", <http://127.0.0.1:8080/exam{?page,size,sort}>;rel="exams", <http://127.0.0.1:8080/sysUserRole{?page,size,sort}>;rel="sysUserRoles"],[]>', '1', null, null, '2019-06-23 09:10:51', null, '2019-06-23 09:10:51', null, 1);
INSERT INTO sys_log (id, name, spell, browser, operation, from_url, ip, url, args, result, status, sort, create_user, create_time, modify_user, modify_time, remark, is_enable) VALUES (5, null, null, 'PostmanRuntime/7.15.0', 'GET', 'http://127.0.0.1:8080/', '127.0.0.1', '/', '', '<200 OK OK,links: [<http://127.0.0.1:8080/sysRes{?page,size,sort}>;rel="sysReses", <http://127.0.0.1:8080/sysUserRole{?page,size,sort}>;rel="sysUserRoles", <http://127.0.0.1:8080/section{?page,size,sort}>;rel="sections", <http://127.0.0.1:8080/courseTimetableLocation{?page,size,sort}>;rel="courseTimetableLocations", <http://127.0.0.1:8080/knowledge{?page,size,sort}>;rel="knowledges", <http://127.0.0.1:8080/judgement{?page,size,sort}>;rel="judgements", <http://127.0.0.1:8080/appeal{?page,size,sort}>;rel="appeals", <http://127.0.0.1:8080/examRule{?page,size,sort}>;rel="examRules", <http://127.0.0.1:8080/program{?page,size,sort}>;rel="programs", <http://127.0.0.1:8080/essay{?page,size,sort}>;rel="essays", <http://127.0.0.1:8080/teacher{?page,size,sort}>;rel="teachers", <http://127.0.0.1:8080/sysData{?page,size,sort}>;rel="sysDatas", <http://127.0.0.1:8080/logicClass{?page,size,sort}>;rel="logicClasses", <http://127.0.0.1:8080/paper{?page,size,sort}>;rel="papers", <http://127.0.0.1:8080/paperDetail{?page,size,sort}>;rel="paperDetails", <http://127.0.0.1:8080/sysUser{?page,size,sort}>;rel="sysUsers", <http://127.0.0.1:8080/sysLog{?page,size,sort}>;rel="sysLogs", <http://127.0.0.1:8080/sysRoleRes{?page,size,sort}>;rel="sysRoleReses", <http://127.0.0.1:8080/course{?page,size,sort}>;rel="courses", <http://127.0.0.1:8080/student{?page,size,sort}>;rel="students", <http://127.0.0.1:8080/selOptions{?page,size,sort}>;rel="selOptionses", <http://127.0.0.1:8080/multiSel{?page,size,sort}>;rel="multiSels", <http://127.0.0.1:8080/singleSel{?page,size,sort}>;rel="singleSels", <http://127.0.0.1:8080/exam{?page,size,sort}>;rel="exams", <http://127.0.0.1:8080/examHistory{?page,size,sort}>;rel="examHistories", <http://127.0.0.1:8080/userConnection{?page,size,sort}>;rel="userConnections", <http://127.0.0.1:8080/semester{?page,size,sort}>;rel="semesters", <http://127.0.0.1:8080/sysRole{?page,size,sort}>;rel="sysRoles"],[]>', '1', null, null, '2019-06-23 13:19:39', null, '2019-06-23 13:19:39', null, 1);
INSERT INTO sys_log (id, name, spell, browser, operation, from_url, ip, url, args, result, status, sort, create_user, create_time, modify_user, modify_time, remark, is_enable) VALUES (6, null, null, 'PostmanRuntime/7.15.0', 'GET', 'http://127.0.0.1:8080/', '127.0.0.1', '/', '', '<200 OK OK,links: [<http://127.0.0.1:8080/sysRes{?page,size,sort}>;rel="sysReses", <http://127.0.0.1:8080/sysUserRole{?page,size,sort}>;rel="sysUserRoles", <http://127.0.0.1:8080/section{?page,size,sort}>;rel="sections", <http://127.0.0.1:8080/courseTimetableLocation{?page,size,sort}>;rel="courseTimetableLocations", <http://127.0.0.1:8080/knowledge{?page,size,sort}>;rel="knowledges", <http://127.0.0.1:8080/judgement{?page,size,sort}>;rel="judgements", <http://127.0.0.1:8080/appeal{?page,size,sort}>;rel="appeals", <http://127.0.0.1:8080/examRule{?page,size,sort}>;rel="examRules", <http://127.0.0.1:8080/program{?page,size,sort}>;rel="programs", <http://127.0.0.1:8080/essay{?page,size,sort}>;rel="essays", <http://127.0.0.1:8080/teacher{?page,size,sort}>;rel="teachers", <http://127.0.0.1:8080/sysData{?page,size,sort}>;rel="sysDatas", <http://127.0.0.1:8080/logicClass{?page,size,sort}>;rel="logicClasses", <http://127.0.0.1:8080/paper{?page,size,sort}>;rel="papers", <http://127.0.0.1:8080/paperDetail{?page,size,sort}>;rel="paperDetails", <http://127.0.0.1:8080/sysUser{?page,size,sort}>;rel="sysUsers", <http://127.0.0.1:8080/sysLog{?page,size,sort}>;rel="sysLogs", <http://127.0.0.1:8080/sysRoleRes{?page,size,sort}>;rel="sysRoleReses", <http://127.0.0.1:8080/course{?page,size,sort}>;rel="courses", <http://127.0.0.1:8080/student{?page,size,sort}>;rel="students", <http://127.0.0.1:8080/selOptions{?page,size,sort}>;rel="selOptionses", <http://127.0.0.1:8080/multiSel{?page,size,sort}>;rel="multiSels", <http://127.0.0.1:8080/singleSel{?page,size,sort}>;rel="singleSels", <http://127.0.0.1:8080/exam{?page,size,sort}>;rel="exams", <http://127.0.0.1:8080/examHistory{?page,size,sort}>;rel="examHistories", <http://127.0.0.1:8080/userConnection{?page,size,sort}>;rel="userConnections", <http://127.0.0.1:8080/semester{?page,size,sort}>;rel="semesters", <http://127.0.0.1:8080/sysRole{?page,size,sort}>;rel="sysRoles"],[]>', '1', null, null, '2019-06-23 13:21:49', null, '2019-06-23 13:21:49', null, 1);
INSERT INTO sys_log (id, name, spell, browser, operation, from_url, ip, url, args, result, status, sort, create_user, create_time, modify_user, modify_time, remark, is_enable) VALUES (7, null, null, 'PostmanRuntime/7.15.0', 'GET', 'http://127.0.0.1:8080/', '127.0.0.1', '/', '', '<200 OK OK,links: [<http://127.0.0.1:8080/sysRes{?page,size,sort}>;rel="sysReses", <http://127.0.0.1:8080/sysUserRole{?page,size,sort}>;rel="sysUserRoles", <http://127.0.0.1:8080/section{?page,size,sort}>;rel="sections", <http://127.0.0.1:8080/courseTimetableLocation{?page,size,sort}>;rel="courseTimetableLocations", <http://127.0.0.1:8080/knowledge{?page,size,sort}>;rel="knowledges", <http://127.0.0.1:8080/judgement{?page,size,sort}>;rel="judgements", <http://127.0.0.1:8080/appeal{?page,size,sort}>;rel="appeals", <http://127.0.0.1:8080/examRule{?page,size,sort}>;rel="examRules", <http://127.0.0.1:8080/program{?page,size,sort}>;rel="programs", <http://127.0.0.1:8080/essay{?page,size,sort}>;rel="essays", <http://127.0.0.1:8080/teacher{?page,size,sort}>;rel="teachers", <http://127.0.0.1:8080/sysData{?page,size,sort}>;rel="sysDatas", <http://127.0.0.1:8080/logicClass{?page,size,sort}>;rel="logicClasses", <http://127.0.0.1:8080/paper{?page,size,sort}>;rel="papers", <http://127.0.0.1:8080/paperDetail{?page,size,sort}>;rel="paperDetails", <http://127.0.0.1:8080/sysUser{?page,size,sort}>;rel="sysUsers", <http://127.0.0.1:8080/sysLog{?page,size,sort}>;rel="sysLogs", <http://127.0.0.1:8080/sysRoleRes{?page,size,sort}>;rel="sysRoleReses", <http://127.0.0.1:8080/course{?page,size,sort}>;rel="courses", <http://127.0.0.1:8080/student{?page,size,sort}>;rel="students", <http://127.0.0.1:8080/selOptions{?page,size,sort}>;rel="selOptionses", <http://127.0.0.1:8080/multiSel{?page,size,sort}>;rel="multiSels", <http://127.0.0.1:8080/singleSel{?page,size,sort}>;rel="singleSels", <http://127.0.0.1:8080/exam{?page,size,sort}>;rel="exams", <http://127.0.0.1:8080/examHistory{?page,size,sort}>;rel="examHistories", <http://127.0.0.1:8080/userConnection{?page,size,sort}>;rel="userConnections", <http://127.0.0.1:8080/semester{?page,size,sort}>;rel="semesters", <http://127.0.0.1:8080/sysRole{?page,size,sort}>;rel="sysRoles"],[]>', '1', null, null, '2019-06-23 13:23:20', null, '2019-06-23 13:23:20', null, 1);
INSERT INTO sys_log (id, name, spell, browser, operation, from_url, ip, url, args, result, status, sort, create_user, create_time, modify_user, modify_time, remark, is_enable) VALUES (8, null, null, 'PostmanRuntime/7.15.0', 'GET', 'http://127.0.0.1:8080/', '127.0.0.1', '/', '', '<200 OK OK,links: [<http://127.0.0.1:8080/sysRes{?page,size,sort}>;rel="sysReses", <http://127.0.0.1:8080/sysUserRole{?page,size,sort}>;rel="sysUserRoles", <http://127.0.0.1:8080/section{?page,size,sort}>;rel="sections", <http://127.0.0.1:8080/courseTimetableLocation{?page,size,sort}>;rel="courseTimetableLocations", <http://127.0.0.1:8080/knowledge{?page,size,sort}>;rel="knowledges", <http://127.0.0.1:8080/judgement{?page,size,sort}>;rel="judgements", <http://127.0.0.1:8080/appeal{?page,size,sort}>;rel="appeals", <http://127.0.0.1:8080/examRule{?page,size,sort}>;rel="examRules", <http://127.0.0.1:8080/program{?page,size,sort}>;rel="programs", <http://127.0.0.1:8080/essay{?page,size,sort}>;rel="essays", <http://127.0.0.1:8080/teacher{?page,size,sort}>;rel="teachers", <http://127.0.0.1:8080/sysData{?page,size,sort}>;rel="sysDatas", <http://127.0.0.1:8080/logicClass{?page,size,sort}>;rel="logicClasses", <http://127.0.0.1:8080/paper{?page,size,sort}>;rel="papers", <http://127.0.0.1:8080/paperDetail{?page,size,sort}>;rel="paperDetails", <http://127.0.0.1:8080/sysUser{?page,size,sort}>;rel="sysUsers", <http://127.0.0.1:8080/sysLog{?page,size,sort}>;rel="sysLogs", <http://127.0.0.1:8080/sysRoleRes{?page,size,sort}>;rel="sysRoleReses", <http://127.0.0.1:8080/course{?page,size,sort}>;rel="courses", <http://127.0.0.1:8080/student{?page,size,sort}>;rel="students", <http://127.0.0.1:8080/selOptions{?page,size,sort}>;rel="selOptionses", <http://127.0.0.1:8080/multiSel{?page,size,sort}>;rel="multiSels", <http://127.0.0.1:8080/singleSel{?page,size,sort}>;rel="singleSels", <http://127.0.0.1:8080/exam{?page,size,sort}>;rel="exams", <http://127.0.0.1:8080/examHistory{?page,size,sort}>;rel="examHistories", <http://127.0.0.1:8080/userConnection{?page,size,sort}>;rel="userConnections", <http://127.0.0.1:8080/semester{?page,size,sort}>;rel="semesters", <http://127.0.0.1:8080/sysRole{?page,size,sort}>;rel="sysRoles"],[]>', '1', null, null, '2019-06-23 13:23:37', null, '2019-06-23 13:23:37', null, 1);
INSERT INTO sys_log (id, name, spell, browser, operation, from_url, ip, url, args, result, status, sort, create_user, create_time, modify_user, modify_time, remark, is_enable) VALUES (9, null, null, 'PostmanRuntime/7.15.0', 'GET', 'http://127.0.0.1:8080/', '127.0.0.1', '/', '', '<200 OK OK,links: [<http://127.0.0.1:8080/sysRes{?page,size,sort}>;rel="sysReses", <http://127.0.0.1:8080/sysUserRole{?page,size,sort}>;rel="sysUserRoles", <http://127.0.0.1:8080/section{?page,size,sort}>;rel="sections", <http://127.0.0.1:8080/courseTimetableLocation{?page,size,sort}>;rel="courseTimetableLocations", <http://127.0.0.1:8080/knowledge{?page,size,sort}>;rel="knowledges", <http://127.0.0.1:8080/judgement{?page,size,sort}>;rel="judgements", <http://127.0.0.1:8080/appeal{?page,size,sort}>;rel="appeals", <http://127.0.0.1:8080/examRule{?page,size,sort}>;rel="examRules", <http://127.0.0.1:8080/program{?page,size,sort}>;rel="programs", <http://127.0.0.1:8080/essay{?page,size,sort}>;rel="essays", <http://127.0.0.1:8080/teacher{?page,size,sort}>;rel="teachers", <http://127.0.0.1:8080/sysData{?page,size,sort}>;rel="sysDatas", <http://127.0.0.1:8080/logicClass{?page,size,sort}>;rel="logicClasses", <http://127.0.0.1:8080/paper{?page,size,sort}>;rel="papers", <http://127.0.0.1:8080/paperDetail{?page,size,sort}>;rel="paperDetails", <http://127.0.0.1:8080/sysUser{?page,size,sort}>;rel="sysUsers", <http://127.0.0.1:8080/sysLog{?page,size,sort}>;rel="sysLogs", <http://127.0.0.1:8080/sysRoleRes{?page,size,sort}>;rel="sysRoleReses", <http://127.0.0.1:8080/course{?page,size,sort}>;rel="courses", <http://127.0.0.1:8080/student{?page,size,sort}>;rel="students", <http://127.0.0.1:8080/selOptions{?page,size,sort}>;rel="selOptionses", <http://127.0.0.1:8080/multiSel{?page,size,sort}>;rel="multiSels", <http://127.0.0.1:8080/singleSel{?page,size,sort}>;rel="singleSels", <http://127.0.0.1:8080/exam{?page,size,sort}>;rel="exams", <http://127.0.0.1:8080/examHistory{?page,size,sort}>;rel="examHistories", <http://127.0.0.1:8080/userConnection{?page,size,sort}>;rel="userConnections", <http://127.0.0.1:8080/semester{?page,size,sort}>;rel="semesters", <http://127.0.0.1:8080/sysRole{?page,size,sort}>;rel="sysRoles"],[]>', '1', null, null, '2019-06-23 13:23:53', null, '2019-06-23 13:23:53', null, 1);
INSERT INTO sys_log (id, name, spell, browser, operation, from_url, ip, url, args, result, status, sort, create_user, create_time, modify_user, modify_time, remark, is_enable) VALUES (10, null, null, 'PostmanRuntime/7.15.0', 'GET', 'http://127.0.0.1:8080/', '127.0.0.1', '/', '', '<200 OK OK,links: [<http://127.0.0.1:8080/sysRes{?page,size,sort}>;rel="sysReses", <http://127.0.0.1:8080/sysUserRole{?page,size,sort}>;rel="sysUserRoles", <http://127.0.0.1:8080/section{?page,size,sort}>;rel="sections", <http://127.0.0.1:8080/courseTimetableLocation{?page,size,sort}>;rel="courseTimetableLocations", <http://127.0.0.1:8080/knowledge{?page,size,sort}>;rel="knowledges", <http://127.0.0.1:8080/judgement{?page,size,sort}>;rel="judgements", <http://127.0.0.1:8080/appeal{?page,size,sort}>;rel="appeals", <http://127.0.0.1:8080/examRule{?page,size,sort}>;rel="examRules", <http://127.0.0.1:8080/program{?page,size,sort}>;rel="programs", <http://127.0.0.1:8080/essay{?page,size,sort}>;rel="essays", <http://127.0.0.1:8080/teacher{?page,size,sort}>;rel="teachers", <http://127.0.0.1:8080/sysData{?page,size,sort}>;rel="sysDatas", <http://127.0.0.1:8080/logicClass{?page,size,sort}>;rel="logicClasses", <http://127.0.0.1:8080/paper{?page,size,sort}>;rel="papers", <http://127.0.0.1:8080/paperDetail{?page,size,sort}>;rel="paperDetails", <http://127.0.0.1:8080/sysUser{?page,size,sort}>;rel="sysUsers", <http://127.0.0.1:8080/sysLog{?page,size,sort}>;rel="sysLogs", <http://127.0.0.1:8080/sysRoleRes{?page,size,sort}>;rel="sysRoleReses", <http://127.0.0.1:8080/course{?page,size,sort}>;rel="courses", <http://127.0.0.1:8080/student{?page,size,sort}>;rel="students", <http://127.0.0.1:8080/selOptions{?page,size,sort}>;rel="selOptionses", <http://127.0.0.1:8080/multiSel{?page,size,sort}>;rel="multiSels", <http://127.0.0.1:8080/singleSel{?page,size,sort}>;rel="singleSels", <http://127.0.0.1:8080/exam{?page,size,sort}>;rel="exams", <http://127.0.0.1:8080/examHistory{?page,size,sort}>;rel="examHistories", <http://127.0.0.1:8080/userConnection{?page,size,sort}>;rel="userConnections", <http://127.0.0.1:8080/semester{?page,size,sort}>;rel="semesters", <http://127.0.0.1:8080/sysRole{?page,size,sort}>;rel="sysRoles"],[]>', '1', null, null, '2019-06-23 13:24:04', null, '2019-06-23 13:24:04', null, 1);
INSERT INTO sys_log (id, name, spell, browser, operation, from_url, ip, url, args, result, status, sort, create_user, create_time, modify_user, modify_time, remark, is_enable) VALUES (11, null, null, 'PostmanRuntime/7.15.0', 'GET', 'http://127.0.0.1:8080/', '127.0.0.1', '/', '', '<200 OK OK,links: [<http://127.0.0.1:8080/sysRes{?page,size,sort}>;rel="sysReses", <http://127.0.0.1:8080/sysUserRole{?page,size,sort}>;rel="sysUserRoles", <http://127.0.0.1:8080/section{?page,size,sort}>;rel="sections", <http://127.0.0.1:8080/courseTimetableLocation{?page,size,sort}>;rel="courseTimetableLocations", <http://127.0.0.1:8080/knowledge{?page,size,sort}>;rel="knowledges", <http://127.0.0.1:8080/judgement{?page,size,sort}>;rel="judgements", <http://127.0.0.1:8080/appeal{?page,size,sort}>;rel="appeals", <http://127.0.0.1:8080/examRule{?page,size,sort}>;rel="examRules", <http://127.0.0.1:8080/program{?page,size,sort}>;rel="programs", <http://127.0.0.1:8080/essay{?page,size,sort}>;rel="essays", <http://127.0.0.1:8080/teacher{?page,size,sort}>;rel="teachers", <http://127.0.0.1:8080/sysData{?page,size,sort}>;rel="sysDatas", <http://127.0.0.1:8080/logicClass{?page,size,sort}>;rel="logicClasses", <http://127.0.0.1:8080/paper{?page,size,sort}>;rel="papers", <http://127.0.0.1:8080/paperDetail{?page,size,sort}>;rel="paperDetails", <http://127.0.0.1:8080/sysUser{?page,size,sort}>;rel="sysUsers", <http://127.0.0.1:8080/sysLog{?page,size,sort}>;rel="sysLogs", <http://127.0.0.1:8080/sysRoleRes{?page,size,sort}>;rel="sysRoleReses", <http://127.0.0.1:8080/course{?page,size,sort}>;rel="courses", <http://127.0.0.1:8080/student{?page,size,sort}>;rel="students", <http://127.0.0.1:8080/selOptions{?page,size,sort}>;rel="selOptionses", <http://127.0.0.1:8080/multiSel{?page,size,sort}>;rel="multiSels", <http://127.0.0.1:8080/singleSel{?page,size,sort}>;rel="singleSels", <http://127.0.0.1:8080/exam{?page,size,sort}>;rel="exams", <http://127.0.0.1:8080/examHistory{?page,size,sort}>;rel="examHistories", <http://127.0.0.1:8080/userConnection{?page,size,sort}>;rel="userConnections", <http://127.0.0.1:8080/semester{?page,size,sort}>;rel="semesters", <http://127.0.0.1:8080/sysRole{?page,size,sort}>;rel="sysRoles"],[]>', '1', null, null, '2019-06-23 13:24:32', null, '2019-06-23 13:24:32', null, 1);
INSERT INTO sys_log (id, name, spell, browser, operation, from_url, ip, url, args, result, status, sort, create_user, create_time, modify_user, modify_time, remark, is_enable) VALUES (12, null, null, 'PostmanRuntime/7.15.0', 'GET', 'http://127.0.0.1:8080/', '127.0.0.1', '/', '', '<200 OK OK,links: [<http://127.0.0.1:8080/sysRes{?page,size,sort}>;rel="sysReses", <http://127.0.0.1:8080/sysUserRole{?page,size,sort}>;rel="sysUserRoles", <http://127.0.0.1:8080/section{?page,size,sort}>;rel="sections", <http://127.0.0.1:8080/courseTimetableLocation{?page,size,sort}>;rel="courseTimetableLocations", <http://127.0.0.1:8080/knowledge{?page,size,sort}>;rel="knowledges", <http://127.0.0.1:8080/judgement{?page,size,sort}>;rel="judgements", <http://127.0.0.1:8080/appeal{?page,size,sort}>;rel="appeals", <http://127.0.0.1:8080/examRule{?page,size,sort}>;rel="examRules", <http://127.0.0.1:8080/program{?page,size,sort}>;rel="programs", <http://127.0.0.1:8080/essay{?page,size,sort}>;rel="essays", <http://127.0.0.1:8080/teacher{?page,size,sort}>;rel="teachers", <http://127.0.0.1:8080/sysData{?page,size,sort}>;rel="sysDatas", <http://127.0.0.1:8080/logicClass{?page,size,sort}>;rel="logicClasses", <http://127.0.0.1:8080/paper{?page,size,sort}>;rel="papers", <http://127.0.0.1:8080/paperDetail{?page,size,sort}>;rel="paperDetails", <http://127.0.0.1:8080/sysUser{?page,size,sort}>;rel="sysUsers", <http://127.0.0.1:8080/sysLog{?page,size,sort}>;rel="sysLogs", <http://127.0.0.1:8080/sysRoleRes{?page,size,sort}>;rel="sysRoleReses", <http://127.0.0.1:8080/course{?page,size,sort}>;rel="courses", <http://127.0.0.1:8080/student{?page,size,sort}>;rel="students", <http://127.0.0.1:8080/selOptions{?page,size,sort}>;rel="selOptionses", <http://127.0.0.1:8080/multiSel{?page,size,sort}>;rel="multiSels", <http://127.0.0.1:8080/singleSel{?page,size,sort}>;rel="singleSels", <http://127.0.0.1:8080/exam{?page,size,sort}>;rel="exams", <http://127.0.0.1:8080/examHistory{?page,size,sort}>;rel="examHistories", <http://127.0.0.1:8080/userConnection{?page,size,sort}>;rel="userConnections", <http://127.0.0.1:8080/semester{?page,size,sort}>;rel="semesters", <http://127.0.0.1:8080/sysRole{?page,size,sort}>;rel="sysRoles"],[]>', '1', null, null, '2019-06-23 13:48:40', null, '2019-06-23 13:48:40', null, 1);
INSERT INTO sys_log (id, name, spell, browser, operation, from_url, ip, url, args, result, status, sort, create_user, create_time, modify_user, modify_time, remark, is_enable) VALUES (13, null, null, 'PostmanRuntime/7.15.0', 'GET', 'http://127.0.0.1:8080/', '127.0.0.1', '/', '', '<200 OK OK,links: [<http://127.0.0.1:8080/sysRes{?page,size,sort}>;rel="sysReses", <http://127.0.0.1:8080/sysUserRole{?page,size,sort}>;rel="sysUserRoles", <http://127.0.0.1:8080/section{?page,size,sort}>;rel="sections", <http://127.0.0.1:8080/courseTimetableLocation{?page,size,sort}>;rel="courseTimetableLocations", <http://127.0.0.1:8080/knowledge{?page,size,sort}>;rel="knowledges", <http://127.0.0.1:8080/judgement{?page,size,sort}>;rel="judgements", <http://127.0.0.1:8080/appeal{?page,size,sort}>;rel="appeals", <http://127.0.0.1:8080/examRule{?page,size,sort}>;rel="examRules", <http://127.0.0.1:8080/program{?page,size,sort}>;rel="programs", <http://127.0.0.1:8080/essay{?page,size,sort}>;rel="essays", <http://127.0.0.1:8080/teacher{?page,size,sort}>;rel="teachers", <http://127.0.0.1:8080/sysData{?page,size,sort}>;rel="sysDatas", <http://127.0.0.1:8080/logicClass{?page,size,sort}>;rel="logicClasses", <http://127.0.0.1:8080/paper{?page,size,sort}>;rel="papers", <http://127.0.0.1:8080/paperDetail{?page,size,sort}>;rel="paperDetails", <http://127.0.0.1:8080/sysUser{?page,size,sort}>;rel="sysUsers", <http://127.0.0.1:8080/sysLog{?page,size,sort}>;rel="sysLogs", <http://127.0.0.1:8080/sysRoleRes{?page,size,sort}>;rel="sysRoleReses", <http://127.0.0.1:8080/course{?page,size,sort}>;rel="courses", <http://127.0.0.1:8080/student{?page,size,sort}>;rel="students", <http://127.0.0.1:8080/selOptions{?page,size,sort}>;rel="selOptionses", <http://127.0.0.1:8080/multiSel{?page,size,sort}>;rel="multiSels", <http://127.0.0.1:8080/singleSel{?page,size,sort}>;rel="singleSels", <http://127.0.0.1:8080/exam{?page,size,sort}>;rel="exams", <http://127.0.0.1:8080/examHistory{?page,size,sort}>;rel="examHistories", <http://127.0.0.1:8080/userConnection{?page,size,sort}>;rel="userConnections", <http://127.0.0.1:8080/semester{?page,size,sort}>;rel="semesters", <http://127.0.0.1:8080/sysRole{?page,size,sort}>;rel="sysRoles"],[]>', '1', null, null, '2019-06-23 13:52:25', null, '2019-06-23 13:52:25', null, 1);
INSERT INTO sys_log (id, name, spell, browser, operation, from_url, ip, url, args, result, status, sort, create_user, create_time, modify_user, modify_time, remark, is_enable) VALUES (14, null, null, 'PostmanRuntime/7.15.0', 'GET', 'http://127.0.0.1:8080/', '127.0.0.1', '/', '', '<200 OK OK,links: [<http://127.0.0.1:8080/sysUser{?page,size,sort}>;rel="sysUsers", <http://127.0.0.1:8080/judgement{?page,size,sort}>;rel="judgements", <http://127.0.0.1:8080/sysRoleRes{?page,size,sort}>;rel="sysRoleReses", <http://127.0.0.1:8080/sysUserRole{?page,size,sort}>;rel="sysUserRoles", <http://127.0.0.1:8080/sysData{?page,size,sort}>;rel="sysDatas", <http://127.0.0.1:8080/examHistory{?page,size,sort}>;rel="examHistories", <http://127.0.0.1:8080/course{?page,size,sort}>;rel="courses", <http://127.0.0.1:8080/teacher{?page,size,sort}>;rel="teachers", <http://127.0.0.1:8080/program{?page,size,sort}>;rel="programs", <http://127.0.0.1:8080/exam{?page,size,sort}>;rel="exams", <http://127.0.0.1:8080/essay{?page,size,sort}>;rel="essays", <http://127.0.0.1:8080/sysLog{?page,size,sort}>;rel="sysLogs", <http://127.0.0.1:8080/selOptions{?page,size,sort}>;rel="selOptionses", <http://127.0.0.1:8080/singleSel{?page,size,sort}>;rel="singleSels", <http://127.0.0.1:8080/sysRes{?page,size,sort}>;rel="sysReses", <http://127.0.0.1:8080/logicClass{?page,size,sort}>;rel="logicClasses", <http://127.0.0.1:8080/section{?page,size,sort}>;rel="sections", <http://127.0.0.1:8080/courseTimetableLocation{?page,size,sort}>;rel="courseTimetableLocations", <http://127.0.0.1:8080/appeal{?page,size,sort}>;rel="appeals", <http://127.0.0.1:8080/student{?page,size,sort}>;rel="students", <http://127.0.0.1:8080/knowledge{?page,size,sort}>;rel="knowledges", <http://127.0.0.1:8080/paperDetail{?page,size,sort}>;rel="paperDetails", <http://127.0.0.1:8080/multiSel{?page,size,sort}>;rel="multiSels", <http://127.0.0.1:8080/examRule{?page,size,sort}>;rel="examRules", <http://127.0.0.1:8080/userConnection{?page,size,sort}>;rel="userConnections", <http://127.0.0.1:8080/semester{?page,size,sort}>;rel="semesters", <http://127.0.0.1:8080/paper{?page,size,sort}>;rel="papers", <http://127.0.0.1:8080/sysRole{?page,size,sort}>;rel="sysRoles"],[]>', '1', null, null, '2019-06-23 13:53:25', null, '2019-06-23 13:53:25', null, 1);
INSERT INTO sys_log (id, name, spell, browser, operation, from_url, ip, url, args, result, status, sort, create_user, create_time, modify_user, modify_time, remark, is_enable) VALUES (15, null, null, 'PostmanRuntime/7.15.0', 'GET', 'http://127.0.0.1:8080/', '127.0.0.1', '/', '', '<200 OK OK,links: [<http://127.0.0.1:8080/semester{?page,size,sort}>;rel="semesters", <http://127.0.0.1:8080/sysData{?page,size,sort}>;rel="sysDatas", <http://127.0.0.1:8080/selOptions{?page,size,sort}>;rel="selOptionses", <http://127.0.0.1:8080/sysRes{?page,size,sort}>;rel="sysReses", <http://127.0.0.1:8080/judgement{?page,size,sort}>;rel="judgements", <http://127.0.0.1:8080/knowledge{?page,size,sort}>;rel="knowledges", <http://127.0.0.1:8080/sysRole{?page,size,sort}>;rel="sysRoles", <http://127.0.0.1:8080/courseTimetableLocation{?page,size,sort}>;rel="courseTimetableLocations", <http://127.0.0.1:8080/sysUserRole{?page,size,sort}>;rel="sysUserRoles", <http://127.0.0.1:8080/program{?page,size,sort}>;rel="programs", <http://127.0.0.1:8080/sysLog{?page,size,sort}>;rel="sysLogs", <http://127.0.0.1:8080/student{?page,size,sort}>;rel="students", <http://127.0.0.1:8080/logicClass{?page,size,sort}>;rel="logicClasses", <http://127.0.0.1:8080/singleSel{?page,size,sort}>;rel="singleSels", <http://127.0.0.1:8080/multiSel{?page,size,sort}>;rel="multiSels", <http://127.0.0.1:8080/appeal{?page,size,sort}>;rel="appeals", <http://127.0.0.1:8080/examHistory{?page,size,sort}>;rel="examHistories", <http://127.0.0.1:8080/paperDetail{?page,size,sort}>;rel="paperDetails", <http://127.0.0.1:8080/course{?page,size,sort}>;rel="courses", <http://127.0.0.1:8080/paper{?page,size,sort}>;rel="papers", <http://127.0.0.1:8080/sysRoleRes{?page,size,sort}>;rel="sysRoleReses", <http://127.0.0.1:8080/examRule{?page,size,sort}>;rel="examRules", <http://127.0.0.1:8080/userConnection{?page,size,sort}>;rel="userConnections", <http://127.0.0.1:8080/sysUser{?page,size,sort}>;rel="sysUsers", <http://127.0.0.1:8080/essay{?page,size,sort}>;rel="essays", <http://127.0.0.1:8080/section{?page,size,sort}>;rel="sections", <http://127.0.0.1:8080/exam{?page,size,sort}>;rel="exams", <http://127.0.0.1:8080/teacher{?page,size,sort}>;rel="teachers"],[]>', '1', null, null, '2019-06-23 13:55:03', null, '2019-06-23 13:55:03', null, 1);
INSERT INTO sys_log (id, name, spell, browser, operation, from_url, ip, url, args, result, status, sort, create_user, create_time, modify_user, modify_time, remark, is_enable) VALUES (16, null, null, 'PostmanRuntime/7.15.0', 'GET', 'http://127.0.0.1:8080/', '127.0.0.1', '/', '', '<200 OK OK,links: [<http://127.0.0.1:8080/semester{?page,size,sort}>;rel="semesters", <http://127.0.0.1:8080/sysData{?page,size,sort}>;rel="sysDatas", <http://127.0.0.1:8080/selOptions{?page,size,sort}>;rel="selOptionses", <http://127.0.0.1:8080/sysRes{?page,size,sort}>;rel="sysReses", <http://127.0.0.1:8080/judgement{?page,size,sort}>;rel="judgements", <http://127.0.0.1:8080/knowledge{?page,size,sort}>;rel="knowledges", <http://127.0.0.1:8080/sysRole{?page,size,sort}>;rel="sysRoles", <http://127.0.0.1:8080/courseTimetableLocation{?page,size,sort}>;rel="courseTimetableLocations", <http://127.0.0.1:8080/sysUserRole{?page,size,sort}>;rel="sysUserRoles", <http://127.0.0.1:8080/program{?page,size,sort}>;rel="programs", <http://127.0.0.1:8080/sysLog{?page,size,sort}>;rel="sysLogs", <http://127.0.0.1:8080/student{?page,size,sort}>;rel="students", <http://127.0.0.1:8080/logicClass{?page,size,sort}>;rel="logicClasses", <http://127.0.0.1:8080/singleSel{?page,size,sort}>;rel="singleSels", <http://127.0.0.1:8080/multiSel{?page,size,sort}>;rel="multiSels", <http://127.0.0.1:8080/appeal{?page,size,sort}>;rel="appeals", <http://127.0.0.1:8080/examHistory{?page,size,sort}>;rel="examHistories", <http://127.0.0.1:8080/paperDetail{?page,size,sort}>;rel="paperDetails", <http://127.0.0.1:8080/course{?page,size,sort}>;rel="courses", <http://127.0.0.1:8080/paper{?page,size,sort}>;rel="papers", <http://127.0.0.1:8080/sysRoleRes{?page,size,sort}>;rel="sysRoleReses", <http://127.0.0.1:8080/examRule{?page,size,sort}>;rel="examRules", <http://127.0.0.1:8080/userConnection{?page,size,sort}>;rel="userConnections", <http://127.0.0.1:8080/sysUser{?page,size,sort}>;rel="sysUsers", <http://127.0.0.1:8080/essay{?page,size,sort}>;rel="essays", <http://127.0.0.1:8080/section{?page,size,sort}>;rel="sections", <http://127.0.0.1:8080/exam{?page,size,sort}>;rel="exams", <http://127.0.0.1:8080/teacher{?page,size,sort}>;rel="teachers"],[]>', '1', null, null, '2019-06-23 13:55:32', null, '2019-06-23 13:55:32', null, 1);
INSERT INTO sys_log (id, name, spell, browser, operation, from_url, ip, url, args, result, status, sort, create_user, create_time, modify_user, modify_time, remark, is_enable) VALUES (17, null, null, 'PostmanRuntime/7.15.2', 'GET', 'http://127.0.0.1:8080/sysLog', '127.0.0.1', '/sysLog', 'org.springframework.data.rest.webmvc.RootResourceInformation@250e7b7b,org.springframework.data.rest.webmvc.support.DefaultedPageable@4571fa7,UNSORTED,org.springframework.data.rest.webmvc.PersistentEntityResourceAssembler@38d14ced', 'PagedResource { content: [Resource { content: SysLog(super=cn.edu.gzmu.model.entity.SysLog@498085bd, browser=PostmanRuntime/7.15.0, operation=GET, fromUrl=http://127.0.0.1:8080/, ip=127.0.0.1, url=/, args=, result=<200 OK OK,links: [<http://127.0.0.1:8080/sysRes{?page,size,sort}>;rel="sysReses", <http://127.0.0.1:8080/teacher{?page,size,sort}>;rel="teachers", <http://127.0.0.1:8080/knowledge{?page,size,sort}>;rel="knowledges", <http://127.0.0.1:8080/logicClass{?page,size,sort}>;rel="logicClasses", <http://127.0.0.1:8080/singleSel{?page,size,sort}>;rel="singleSels", <http://127.0.0.1:8080/appeal{?page,size,sort}>;rel="appeals", <http://127.0.0.1:8080/student{?page,size,sort}>;rel="students", <http://127.0.0.1:8080/paper{?page,size,sort}>;rel="papers", <http://127.0.0.1:8080/userConnection{?page,size,sort}>;rel="userConnections", <http://127.0.0.1:8080/multiSel{?page,size,sort}>;rel="multiSels", <http://127.0.0.1:8080/program{?page,size,sort}>;rel="programs", <http://127.0.0.1:8080/courseTimetableLocation{?page,size,sort}>;rel="courseTimetableLocations", <http://127.0.0.1:8080/judgement{?page,size,sort}>;rel="judgements", <http://127.0.0.1:8080/sysLog{?page,size,sort}>;rel="sysLogs", <http://127.0.0.1:8080/exam{?page,size,sort}>;rel="exams", <http://127.0.0.1:8080/semester{?page,size,sort}>;rel="semesters", <http://127.0.0.1:8080/course{?page,size,sort}>;rel="courses", <http://127.0.0.1:8080/essay{?page,size,sort}>;rel="essays", <http://127.0.0.1:8080/sysRoleRes{?page,size,sort}>;rel="sysRoleReses", <http://127.0.0.1:8080/examHistory{?page,size,sort}>;rel="examHistories", <http://127.0.0.1:8080/selOptions{?page,size,sort}>;rel="selOptionses", <http://127.0.0.1:8080/examRule{?page,size,sort}>;rel="examRules", <http://127.0.0.1:8080/sysUserRole{?page,size,sort}>;rel="sysUserRoles", <http://127.0.0.1:8080/section{?page,size,sort}>;rel="sections", <http://127.0.0.1:8080/paperDetail{?page,size,sort}>;rel="paperDetails", <http://127.0.0.1:8080/sysData{?page,size,sort}>;rel="sysDatas", <http://127.0.0.1:8080/sysUser{?page,size,sort}>;rel="sysUsers", <http://127.0.0.1:8080/sysRole{?page,size,sort}>;rel="sysRoles"],[]>, status=1), links: [<http://127.0.0.1:8080/sysLog/3>;rel="self", <http://127.0.0.1:8080/sysLog/3>;rel="sysLog"] }, Resource { content: SysLog(super=cn.edu.gzmu.model.entity.SysLog@b949b410, browser=PostmanRuntime/7.15.0, operation=GET, fromUrl=http://127.0.0.1:8080/, ip=127.0.0.1, url=/, args=, result=<200 OK OK,links: [<http://127.0.0.1:8080/student{?page,size,sort}>;rel="students", <http://127.0.0.1:8080/courseTimetableLocation{?page,size,sort}>;rel="courseTimetableLocations", <http://127.0.0.1:8080/sysLog{?page,size,sort}>;rel="sysLogs", <http://127.0.0.1:8080/judgement{?page,size,sort}>;rel="judgements", <http://127.0.0.1:8080/teacher{?page,size,sort}>;rel="teachers", <http://127.0.0.1:8080/examRule{?page,size,sort}>;rel="examRules", <http://127.0.0.1:8080/logicClass{?page,size,sort}>;rel="logicClasses", <http://127.0.0.1:8080/sysRoleRes{?page,size,sort}>;rel="sysRoleReses", <http://127.0.0.1:8080/selOptions{?page,size,sort}>;rel="selOptionses", <http://127.0.0.1:8080/userConnection{?page,size,sort}>;rel="userConnections", <http://127.0.0.1:8080/program{?page,size,sort}>;rel="programs", <http://127.0.0.1:8080/semester{?page,size,sort}>;rel="semesters", <http://127.0.0.1:8080/sysData{?page,size,sort}>;rel="sysDatas", <http://127.0.0.1:8080/essay{?page,size,sort}>;rel="essays", <http://127.0.0.1:8080/appeal{?page,size,sort}>;rel="appeals", <http://127.0.0.1:8080/examHistory{?page,size,sort}>;rel="examHistories", <http://127.0.0.1:8080/paperDetail{?page,size,sort}>;rel="paperDetails", <http://127.0.0.1:8080/singleSel{?page,size,sort}>;rel="singleSels", <http://127.0.0.1:8080/knowledge{?page,size,sort}>;rel="knowledges", <http://127.0.0.1:8080/section{?page,size,sort}>;rel="sections", <http://127.0.0.1:8080/sysRole{?page,size,sort}>;rel="sysRoles", <http://127.0.0.1:8080/multiSel{?page,size,sort}>;rel="multiSels", <http://127.0.0.1:8080/paper{?page,size,sort}>;rel="papers", <http://127.0.0.1:8080/sysRes{?page,size,sort}>;rel="sysReses", <http://127.0.0.1:8080/course{?page,size,sort}>;rel="courses", <http://127.0.0.1:8080/sysUser{?page,size,sort}>;rel="sysUsers", <http://127.0.0.1:8080/exam{?page,size,sort}>;rel="exams", <http://127.0.0.1:8080/sysUserRole{?page,size,sort}>;rel="sysUserRoles"],[]>, status=1), links: [<http://127.0.0.1:8080/sysLog/4>;rel="self", <http://127.0.0.1:8080/sysLog/4>;rel="sysLog"] }, Resource { content: SysLog(super=cn.edu.gzmu.model.entity.SysLog@7c721cf5, browser=PostmanRuntime/7.15.0, operation=GET, fromUrl=http://127.0.0.1:8080/, ip=127.0.0.1, url=/, args=, result=<200 OK OK,links: [<http://127.0.0.1:8080/sysRes{?page,size,sort}>;rel="sysReses", <http://127.0.0.1:8080/sysUserRole{?page,size,sort}>;rel="sysUserRoles", <http://127.0.0.1:8080/section{?page,size,sort}>;rel="sections", <http://127.0.0.1:8080/courseTimetableLocation{?page,size,sort}>;rel="courseTimetableLocations", <http://127.0.0.1:8080/knowledge{?page,size,sort}>;rel="knowledges", <http://127.0.0.1:8080/judgement{?page,size,sort}>;rel="judgements", <http://127.0.0.1:8080/appeal{?page,size,sort}>;rel="appeals", <http://127.0.0.1:8080/examRule{?page,size,sort}>;rel="examRules", <http://127.0.0.1:8080/program{?page,size,sort}>;rel="programs", <http://127.0.0.1:8080/essay{?page,size,sort}>;rel="essays", <http://127.0.0.1:8080/teacher{?page,size,sort}>;rel="teachers", <http://127.0.0.1:8080/sysData{?page,size,sort}>;rel="sysDatas", <http://127.0.0.1:8080/logicClass{?page,size,sort}>;rel="logicClasses", <http://127.0.0.1:8080/paper{?page,size,sort}>;rel="papers", <http://127.0.0.1:8080/paperDetail{?page,size,sort}>;rel="paperDetails", <http://127.0.0.1:8080/sysUser{?page,size,sort}>;rel="sysUsers", <http://127.0.0.1:8080/sysLog{?page,size,sort}>;rel="sysLogs", <http://127.0.0.1:8080/sysRoleRes{?page,size,sort}>;rel="sysRoleReses", <http://127.0.0.1:8080/course{?page,size,sort}>;rel="courses", <http://127.0.0.1:8080/student{?page,size,sort}>;rel="students", <http://127.0.0.1:8080/selOptions{?page,size,sort}>;rel="selOptionses", <http://127.0.0.1:8080/multiSel{?page,size,sort}>;rel="multiSels", <http://127.0.0.1:8080/singleSel{?page,size,sort}>;rel="singleSels", <http://127.0.0.1:8080/exam{?page,size,sort}>;rel="exams", <http://127.0.0.1:8080/examHistory{?page,size,sort}>;rel="examHistories", <http://127.0.0.1:8080/userConnection{?page,size,sort}>;rel="userConnections", <http://127.0.0.1:8080/semester{?page,size,sort}>;rel="semesters", <http://127.0.0.1:8080/sysRole{?page,size,sort}>;rel="sysRoles"],[]>, status=1), links: [<http://127.0.0.1:8080/sysLog/5>;rel="self", <http://127.0.0.1:8080/sysLog/5>;rel="sysLog"] }, Resource { content: SysLog(super=cn.edu.gzmu.model.entity.SysLog@f151e4c0, browser=PostmanRuntime/7.15.0, operation=GET, fromUrl=http://127.0.0.1:8080/, ip=127.0.0.1, url=/, args=, result=<200 OK OK,links: [<http://127.0.0.1:8080/sysRes{?page,size,sort}>;rel="sysReses", <http://127.0.0.1:8080/sysUserRole{?page,size,sort}>;rel="sysUserRoles", <http://127.0.0.1:8080/section{?page,size,sort}>;rel="sections", <http://127.0.0.1:8080/courseTimetableLocation{?page,size,sort}>;rel="courseTimetableLocations", <http://127.0.0.1:8080/knowledge{?page,size,sort}>;rel="knowledges", <http://127.0.0.1:8080/judgement{?page,size,sort}>;rel="judgements", <http://127.0.0.1:8080/appeal{?page,size,sort}>;rel="appeals", <http://127.0.0.1:8080/examRule{?page,size,sort}>;rel="examRules", <http://127.0.0.1:8080/program{?page,size,sort}>;rel="programs", <http://127.0.0.1:8080/essay{?page,size,sort}>;rel="essays", <http://127.0.0.1:8080/teacher{?page,size,sort}>;rel="teachers", <http://127.0.0.1:8080/sysData{?page,size,sort}>;rel="sysDatas", <http://127.0.0.1:8080/logicClass{?page,size,sort}>;rel="logicClasses", <http://127.0.0.1:8080/paper{?page,size,sort}>;rel="papers", <http://127.0.0.1:8080/paperDetail{?page,size,sort}>;rel="paperDetails", <http://127.0.0.1:8080/sysUser{?page,size,sort}>;rel="sysUsers", <http://127.0.0.1:8080/sysLog{?page,size,sort}>;rel="sysLogs", <http://127.0.0.1:8080/sysRoleRes{?page,size,sort}>;rel="sysRoleReses", <http://127.0.0.1:8080/course{?page,size,sort}>;rel="courses", <http://127.0.0.1:8080/student{?page,size,sort}>;rel="students", <http://127.0.0.1:8080/selOptions{?page,size,sort}>;rel="selOptionses", <http://127.0.0.1:8080/multiSel{?page,size,sort}>;rel="multiSels", <http://127.0.0.1:8080/singleSel{?page,size,sort}>;rel="singleSels", <http://127.0.0.1:8080/exam{?page,size,sort}>;rel="exams", <http://127.0.0.1:8080/examHistory{?page,size,sort}>;rel="examHistories", <http://127.0.0.1:8080/userConnection{?page,size,sort}>;rel="userConnections", <http://127.0.0.1:8080/semester{?page,size,sort}>;rel="semesters", <http://127.0.0.1:8080/sysRole{?page,size,sort}>;rel="sysRoles"],[]>, status=1), links: [<http://127.0.0.1:8080/sysLog/6>;rel="self", <http://127.0.0.1:8080/sysLog/6>;rel="sysLog"] }, Resource { content: SysLog(super=cn.edu.gzmu.model.entity.SysLog@cb570b9e, browser=PostmanRuntime/7.15.0, operation=GET, fromUrl=http://127.0.0.1:8080/, ip=127.0.0.1, url=/, args=, result=<200 OK OK,links: [<http://127.0.0.1:8080/sysRes{?page,size,sort}>;rel="sysReses", <http://127.0.0.1:8080/sysUserRole{?page,size,sort}>;rel="sysUserRoles", <http://127.0.0.1:8080/section{?page,size,sort}>;rel="sections", <http://127.0.0.1:8080/courseTimetableLocation{?page,size,sort}>;rel="courseTimetableLocations", <http://127.0.0.1:8080/knowledge{?page,size,sort}>;rel="knowledges", <http://127.0.0.1:8080/judgement{?page,size,sort}>;rel="judgements", <http://127.0.0.1:8080/appeal{?page,size,sort}>;rel="appeals", <http://127.0.0.1:8080/examRule{?page,size,sort}>;rel="examRules", <http://127.0.0.1:8080/program{?page,size,sort}>;rel="programs", <http://127.0.0.1:8080/essay{?page,size,sort}>;rel="essays", <http://127.0.0.1:8080/teacher{?page,size,sort}>;rel="teachers", <http://127.0.0.1:8080/sysData{?page,size,sort}>;rel="sysDatas", <http://127.0.0.1:8080/logicClass{?page,size,sort}>;rel="logicClasses", <http://127.0.0.1:8080/paper{?page,size,sort}>;rel="papers", <http://127.0.0.1:8080/paperDetail{?page,size,sort}>;rel="paperDetails", <http://127.0.0.1:8080/sysUser{?page,s', '1', null, null, '2019-07-31 14:31:52', null, '2019-07-31 14:31:52', null, 1);
INSERT INTO sys_log (id, name, spell, browser, operation, from_url, ip, url, args, result, status, sort, create_user, create_time, modify_user, modify_time, remark, is_enable) VALUES (18, null, null, 'PostmanRuntime/7.15.2', 'GET', 'http://127.0.0.1:8080/sysLog', '127.0.0.1', '/sysLog', 'org.springframework.data.rest.webmvc.RootResourceInformation@29b498c0,org.springframework.data.rest.webmvc.support.DefaultedPageable@6cb61392,UNSORTED,org.springframework.data.rest.webmvc.PersistentEntityResourceAssembler@28a3bcc7', 'PagedResource { content: [Resource { content: SysLog(super=cn.edu.gzmu.model.entity.SysLog@284e01eb, browser=PostmanRuntime/7.15.0, operation=GET, fromUrl=http://127.0.0.1:8080/, ip=127.0.0.1, url=/, args=, result=<200 OK OK,links: [<http://127.0.0.1:8080/sysRes{?page,size,sort}>;rel="sysReses", <http://127.0.0.1:8080/teacher{?page,size,sort}>;rel="teachers", <http://127.0.0.1:8080/knowledge{?page,size,sort}>;rel="knowledges", <http://127.0.0.1:8080/logicClass{?page,size,sort}>;rel="logicClasses", <http://127.0.0.1:8080/singleSel{?page,size,sort}>;rel="singleSels", <http://127.0.0.1:8080/appeal{?page,size,sort}>;rel="appeals", <http://127.0.0.1:8080/student{?page,size,sort}>;rel="students", <http://127.0.0.1:8080/paper{?page,size,sort}>;rel="papers", <http://127.0.0.1:8080/userConnection{?page,size,sort}>;rel="userConnections", <http://127.0.0.1:8080/multiSel{?page,size,sort}>;rel="multiSels", <http://127.0.0.1:8080/program{?page,size,sort}>;rel="programs", <http://127.0.0.1:8080/courseTimetableLocation{?page,size,sort}>;rel="courseTimetableLocations", <http://127.0.0.1:8080/judgement{?page,size,sort}>;rel="judgements", <http://127.0.0.1:8080/sysLog{?page,size,sort}>;rel="sysLogs", <http://127.0.0.1:8080/exam{?page,size,sort}>;rel="exams", <http://127.0.0.1:8080/semester{?page,size,sort}>;rel="semesters", <http://127.0.0.1:8080/course{?page,size,sort}>;rel="courses", <http://127.0.0.1:8080/essay{?page,size,sort}>;rel="essays", <http://127.0.0.1:8080/sysRoleRes{?page,size,sort}>;rel="sysRoleReses", <http://127.0.0.1:8080/examHistory{?page,size,sort}>;rel="examHistories", <http://127.0.0.1:8080/selOptions{?page,size,sort}>;rel="selOptionses", <http://127.0.0.1:8080/examRule{?page,size,sort}>;rel="examRules", <http://127.0.0.1:8080/sysUserRole{?page,size,sort}>;rel="sysUserRoles", <http://127.0.0.1:8080/section{?page,size,sort}>;rel="sections", <http://127.0.0.1:8080/paperDetail{?page,size,sort}>;rel="paperDetails", <http://127.0.0.1:8080/sysData{?page,size,sort}>;rel="sysDatas", <http://127.0.0.1:8080/sysUser{?page,size,sort}>;rel="sysUsers", <http://127.0.0.1:8080/sysRole{?page,size,sort}>;rel="sysRoles"],[]>, status=1), links: [<http://127.0.0.1:8080/sysLog/3>;rel="self", <http://127.0.0.1:8080/sysLog/3>;rel="sysLog"] }, Resource { content: SysLog(super=cn.edu.gzmu.model.entity.SysLog@32c2b30b, browser=PostmanRuntime/7.15.0, operation=GET, fromUrl=http://127.0.0.1:8080/, ip=127.0.0.1, url=/, args=, result=<200 OK OK,links: [<http://127.0.0.1:8080/student{?page,size,sort}>;rel="students", <http://127.0.0.1:8080/courseTimetableLocation{?page,size,sort}>;rel="courseTimetableLocations", <http://127.0.0.1:8080/sysLog{?page,size,sort}>;rel="sysLogs", <http://127.0.0.1:8080/judgement{?page,size,sort}>;rel="judgements", <http://127.0.0.1:8080/teacher{?page,size,sort}>;rel="teachers", <http://127.0.0.1:8080/examRule{?page,size,sort}>;rel="examRules", <http://127.0.0.1:8080/logicClass{?page,size,sort}>;rel="logicClasses", <http://127.0.0.1:8080/sysRoleRes{?page,size,sort}>;rel="sysRoleReses", <http://127.0.0.1:8080/selOptions{?page,size,sort}>;rel="selOptionses", <http://127.0.0.1:8080/userConnection{?page,size,sort}>;rel="userConnections", <http://127.0.0.1:8080/program{?page,size,sort}>;rel="programs", <http://127.0.0.1:8080/semester{?page,size,sort}>;rel="semesters", <http://127.0.0.1:8080/sysData{?page,size,sort}>;rel="sysDatas", <http://127.0.0.1:8080/essay{?page,size,sort}>;rel="essays", <http://127.0.0.1:8080/appeal{?page,size,sort}>;rel="appeals", <http://127.0.0.1:8080/examHistory{?page,size,sort}>;rel="examHistories", <http://127.0.0.1:8080/paperDetail{?page,size,sort}>;rel="paperDetails", <http://127.0.0.1:8080/singleSel{?page,size,sort}>;rel="singleSels", <http://127.0.0.1:8080/knowledge{?page,size,sort}>;rel="knowledges", <http://127.0.0.1:8080/section{?page,size,sort}>;rel="sections", <http://127.0.0.1:8080/sysRole{?page,size,sort}>;rel="sysRoles", <http://127.0.0.1:8080/multiSel{?page,size,sort}>;rel="multiSels", <http://127.0.0.1:8080/paper{?page,size,sort}>;rel="papers", <http://127.0.0.1:8080/sysRes{?page,size,sort}>;rel="sysReses", <http://127.0.0.1:8080/course{?page,size,sort}>;rel="courses", <http://127.0.0.1:8080/sysUser{?page,size,sort}>;rel="sysUsers", <http://127.0.0.1:8080/exam{?page,size,sort}>;rel="exams", <http://127.0.0.1:8080/sysUserRole{?page,size,sort}>;rel="sysUserRoles"],[]>, status=1), links: [<http://127.0.0.1:8080/sysLog/4>;rel="self", <http://127.0.0.1:8080/sysLog/4>;rel="sysLog"] }, Resource { content: SysLog(super=cn.edu.gzmu.model.entity.SysLog@5959dee7, browser=PostmanRuntime/7.15.0, operation=GET, fromUrl=http://127.0.0.1:8080/, ip=127.0.0.1, url=/, args=, result=<200 OK OK,links: [<http://127.0.0.1:8080/sysRes{?page,size,sort}>;rel="sysReses", <http://127.0.0.1:8080/sysUserRole{?page,size,sort}>;rel="sysUserRoles", <http://127.0.0.1:8080/section{?page,size,sort}>;rel="sections", <http://127.0.0.1:8080/courseTimetableLocation{?page,size,sort}>;rel="courseTimetableLocations", <http://127.0.0.1:8080/knowledge{?page,size,sort}>;rel="knowledges", <http://127.0.0.1:8080/judgement{?page,size,sort}>;rel="judgements", <http://127.0.0.1:8080/appeal{?page,size,sort}>;rel="appeals", <http://127.0.0.1:8080/examRule{?page,size,sort}>;rel="examRules", <http://127.0.0.1:8080/program{?page,size,sort}>;rel="programs", <http://127.0.0.1:8080/essay{?page,size,sort}>;rel="essays", <http://127.0.0.1:8080/teacher{?page,size,sort}>;rel="teachers", <http://127.0.0.1:8080/sysData{?page,size,sort}>;rel="sysDatas", <http://127.0.0.1:8080/logicClass{?page,size,sort}>;rel="logicClasses", <http://127.0.0.1:8080/paper{?page,size,sort}>;rel="papers", <http://127.0.0.1:8080/paperDetail{?page,size,sort}>;rel="paperDetails", <http://127.0.0.1:8080/sysUser{?page,size,sort}>;rel="sysUsers", <http://127.0.0.1:8080/sysLog{?page,size,sort}>;rel="sysLogs", <http://127.0.0.1:8080/sysRoleRes{?page,size,sort}>;rel="sysRoleReses", <http://127.0.0.1:8080/course{?page,size,sort}>;rel="courses", <http://127.0.0.1:8080/student{?page,size,sort}>;rel="students", <http://127.0.0.1:8080/selOptions{?page,size,sort}>;rel="selOptionses", <http://127.0.0.1:8080/multiSel{?page,size,sort}>;rel="multiSels", <http://127.0.0.1:8080/singleSel{?page,size,sort}>;rel="singleSels", <http://127.0.0.1:8080/exam{?page,size,sort}>;rel="exams", <http://127.0.0.1:8080/examHistory{?page,size,sort}>;rel="examHistories", <http://127.0.0.1:8080/userConnection{?page,size,sort}>;rel="userConnections", <http://127.0.0.1:8080/semester{?page,size,sort}>;rel="semesters", <http://127.0.0.1:8080/sysRole{?page,size,sort}>;rel="sysRoles"],[]>, status=1), links: [<http://127.0.0.1:8080/sysLog/5>;rel="self", <http://127.0.0.1:8080/sysLog/5>;rel="sysLog"] }, Resource { content: SysLog(super=cn.edu.gzmu.model.entity.SysLog@ce148c2, browser=PostmanRuntime/7.15.0, operation=GET, fromUrl=http://127.0.0.1:8080/, ip=127.0.0.1, url=/, args=, result=<200 OK OK,links: [<http://127.0.0.1:8080/sysRes{?page,size,sort}>;rel="sysReses", <http://127.0.0.1:8080/sysUserRole{?page,size,sort}>;rel="sysUserRoles", <http://127.0.0.1:8080/section{?page,size,sort}>;rel="sections", <http://127.0.0.1:8080/courseTimetableLocation{?page,size,sort}>;rel="courseTimetableLocations", <http://127.0.0.1:8080/knowledge{?page,size,sort}>;rel="knowledges", <http://127.0.0.1:8080/judgement{?page,size,sort}>;rel="judgements", <http://127.0.0.1:8080/appeal{?page,size,sort}>;rel="appeals", <http://127.0.0.1:8080/examRule{?page,size,sort}>;rel="examRules", <http://127.0.0.1:8080/program{?page,size,sort}>;rel="programs", <http://127.0.0.1:8080/essay{?page,size,sort}>;rel="essays", <http://127.0.0.1:8080/teacher{?page,size,sort}>;rel="teachers", <http://127.0.0.1:8080/sysData{?page,size,sort}>;rel="sysDatas", <http://127.0.0.1:8080/logicClass{?page,size,sort}>;rel="logicClasses", <http://127.0.0.1:8080/paper{?page,size,sort}>;rel="papers", <http://127.0.0.1:8080/paperDetail{?page,size,sort}>;rel="paperDetails", <http://127.0.0.1:8080/sysUser{?page,size,sort}>;rel="sysUsers", <http://127.0.0.1:8080/sysLog{?page,size,sort}>;rel="sysLogs", <http://127.0.0.1:8080/sysRoleRes{?page,size,sort}>;rel="sysRoleReses", <http://127.0.0.1:8080/course{?page,size,sort}>;rel="courses", <http://127.0.0.1:8080/student{?page,size,sort}>;rel="students", <http://127.0.0.1:8080/selOptions{?page,size,sort}>;rel="selOptionses", <http://127.0.0.1:8080/multiSel{?page,size,sort}>;rel="multiSels", <http://127.0.0.1:8080/singleSel{?page,size,sort}>;rel="singleSels", <http://127.0.0.1:8080/exam{?page,size,sort}>;rel="exams", <http://127.0.0.1:8080/examHistory{?page,size,sort}>;rel="examHistories", <http://127.0.0.1:8080/userConnection{?page,size,sort}>;rel="userConnections", <http://127.0.0.1:8080/semester{?page,size,sort}>;rel="semesters", <http://127.0.0.1:8080/sysRole{?page,size,sort}>;rel="sysRoles"],[]>, status=1), links: [<http://127.0.0.1:8080/sysLog/6>;rel="self", <http://127.0.0.1:8080/sysLog/6>;rel="sysLog"] }, Resource { content: SysLog(super=cn.edu.gzmu.model.entity.SysLog@d7622891, browser=PostmanRuntime/7.15.0, operation=GET, fromUrl=http://127.0.0.1:8080/, ip=127.0.0.1, url=/, args=, result=<200 OK OK,links: [<http://127.0.0.1:8080/sysRes{?page,size,sort}>;rel="sysReses", <http://127.0.0.1:8080/sysUserRole{?page,size,sort}>;rel="sysUserRoles", <http://127.0.0.1:8080/section{?page,size,sort}>;rel="sections", <http://127.0.0.1:8080/courseTimetableLocation{?page,size,sort}>;rel="courseTimetableLocations", <http://127.0.0.1:8080/knowledge{?page,size,sort}>;rel="knowledges", <http://127.0.0.1:8080/judgement{?page,size,sort}>;rel="judgements", <http://127.0.0.1:8080/appeal{?page,size,sort}>;rel="appeals", <http://127.0.0.1:8080/examRule{?page,size,sort}>;rel="examRules", <http://127.0.0.1:8080/program{?page,size,sort}>;rel="programs", <http://127.0.0.1:8080/essay{?page,size,sort}>;rel="essays", <http://127.0.0.1:8080/teacher{?page,size,sort}>;rel="teachers", <http://127.0.0.1:8080/sysData{?page,size,sort}>;rel="sysDatas", <http://127.0.0.1:8080/logicClass{?page,size,sort}>;rel="logicClasses", <http://127.0.0.1:8080/paper{?page,size,sort}>;rel="papers", <http://127.0.0.1:8080/paperDetail{?page,size,sort}>;rel="paperDetails", <http://127.0.0.1:8080/sysUser{?page,si', '1', null, null, '2019-07-31 15:12:21', null, '2019-07-31 15:12:21', null, 1);
INSERT INTO sys_log (id, name, spell, browser, operation, from_url, ip, url, args, result, status, sort, create_user, create_time, modify_user, modify_time, remark, is_enable) VALUES (19, null, null, 'PostmanRuntime/7.15.2', 'GET', 'http://127.0.0.1:8080/sysLog', '127.0.0.1', '/sysLog', 'org.springframework.data.rest.webmvc.RootResourceInformation@397e1b08,org.springframework.data.rest.webmvc.support.DefaultedPageable@2c9384fd,UNSORTED,org.springframework.data.rest.webmvc.PersistentEntityResourceAssembler@41c3fb45', 'PagedResource { content: [Resource { content: SysLog(super=cn.edu.gzmu.model.entity.SysLog@47e1f189, browser=PostmanRuntime/7.15.0, operation=GET, fromUrl=http://127.0.0.1:8080/, ip=127.0.0.1, url=/, args=, result=<200 OK OK,links: [<http://127.0.0.1:8080/sysRes{?page,size,sort}>;rel="sysReses", <http://127.0.0.1:8080/teacher{?page,size,sort}>;rel="teachers", <http://127.0.0.1:8080/knowledge{?page,size,sort}>;rel="knowledges", <http://127.0.0.1:8080/logicClass{?page,size,sort}>;rel="logicClasses", <http://127.0.0.1:8080/singleSel{?page,size,sort}>;rel="singleSels", <http://127.0.0.1:8080/appeal{?page,size,sort}>;rel="appeals", <http://127.0.0.1:8080/student{?page,size,sort}>;rel="students", <http://127.0.0.1:8080/paper{?page,size,sort}>;rel="papers", <http://127.0.0.1:8080/userConnection{?page,size,sort}>;rel="userConnections", <http://127.0.0.1:8080/multiSel{?page,size,sort}>;rel="multiSels", <http://127.0.0.1:8080/program{?page,size,sort}>;rel="programs", <http://127.0.0.1:8080/courseTimetableLocation{?page,size,sort}>;rel="courseTimetableLocations", <http://127.0.0.1:8080/judgement{?page,size,sort}>;rel="judgements", <http://127.0.0.1:8080/sysLog{?page,size,sort}>;rel="sysLogs", <http://127.0.0.1:8080/exam{?page,size,sort}>;rel="exams", <http://127.0.0.1:8080/semester{?page,size,sort}>;rel="semesters", <http://127.0.0.1:8080/course{?page,size,sort}>;rel="courses", <http://127.0.0.1:8080/essay{?page,size,sort}>;rel="essays", <http://127.0.0.1:8080/sysRoleRes{?page,size,sort}>;rel="sysRoleReses", <http://127.0.0.1:8080/examHistory{?page,size,sort}>;rel="examHistories", <http://127.0.0.1:8080/selOptions{?page,size,sort}>;rel="selOptionses", <http://127.0.0.1:8080/examRule{?page,size,sort}>;rel="examRules", <http://127.0.0.1:8080/sysUserRole{?page,size,sort}>;rel="sysUserRoles", <http://127.0.0.1:8080/section{?page,size,sort}>;rel="sections", <http://127.0.0.1:8080/paperDetail{?page,size,sort}>;rel="paperDetails", <http://127.0.0.1:8080/sysData{?page,size,sort}>;rel="sysDatas", <http://127.0.0.1:8080/sysUser{?page,size,sort}>;rel="sysUsers", <http://127.0.0.1:8080/sysRole{?page,size,sort}>;rel="sysRoles"],[]>, status=1), links: [<http://127.0.0.1:8080/sysLog/3>;rel="self", <http://127.0.0.1:8080/sysLog/3>;rel="sysLog"] }, Resource { content: SysLog(super=cn.edu.gzmu.model.entity.SysLog@1cb72488, browser=PostmanRuntime/7.15.0, operation=GET, fromUrl=http://127.0.0.1:8080/, ip=127.0.0.1, url=/, args=, result=<200 OK OK,links: [<http://127.0.0.1:8080/student{?page,size,sort}>;rel="students", <http://127.0.0.1:8080/courseTimetableLocation{?page,size,sort}>;rel="courseTimetableLocations", <http://127.0.0.1:8080/sysLog{?page,size,sort}>;rel="sysLogs", <http://127.0.0.1:8080/judgement{?page,size,sort}>;rel="judgements", <http://127.0.0.1:8080/teacher{?page,size,sort}>;rel="teachers", <http://127.0.0.1:8080/examRule{?page,size,sort}>;rel="examRules", <http://127.0.0.1:8080/logicClass{?page,size,sort}>;rel="logicClasses", <http://127.0.0.1:8080/sysRoleRes{?page,size,sort}>;rel="sysRoleReses", <http://127.0.0.1:8080/selOptions{?page,size,sort}>;rel="selOptionses", <http://127.0.0.1:8080/userConnection{?page,size,sort}>;rel="userConnections", <http://127.0.0.1:8080/program{?page,size,sort}>;rel="programs", <http://127.0.0.1:8080/semester{?page,size,sort}>;rel="semesters", <http://127.0.0.1:8080/sysData{?page,size,sort}>;rel="sysDatas", <http://127.0.0.1:8080/essay{?page,size,sort}>;rel="essays", <http://127.0.0.1:8080/appeal{?page,size,sort}>;rel="appeals", <http://127.0.0.1:8080/examHistory{?page,size,sort}>;rel="examHistories", <http://127.0.0.1:8080/paperDetail{?page,size,sort}>;rel="paperDetails", <http://127.0.0.1:8080/singleSel{?page,size,sort}>;rel="singleSels", <http://127.0.0.1:8080/knowledge{?page,size,sort}>;rel="knowledges", <http://127.0.0.1:8080/section{?page,size,sort}>;rel="sections", <http://127.0.0.1:8080/sysRole{?page,size,sort}>;rel="sysRoles", <http://127.0.0.1:8080/multiSel{?page,size,sort}>;rel="multiSels", <http://127.0.0.1:8080/paper{?page,size,sort}>;rel="papers", <http://127.0.0.1:8080/sysRes{?page,size,sort}>;rel="sysReses", <http://127.0.0.1:8080/course{?page,size,sort}>;rel="courses", <http://127.0.0.1:8080/sysUser{?page,size,sort}>;rel="sysUsers", <http://127.0.0.1:8080/exam{?page,size,sort}>;rel="exams", <http://127.0.0.1:8080/sysUserRole{?page,size,sort}>;rel="sysUserRoles"],[]>, status=1), links: [<http://127.0.0.1:8080/sysLog/4>;rel="self", <http://127.0.0.1:8080/sysLog/4>;rel="sysLog"] }, Resource { content: SysLog(super=cn.edu.gzmu.model.entity.SysLog@9c93b133, browser=PostmanRuntime/7.15.0, operation=GET, fromUrl=http://127.0.0.1:8080/, ip=127.0.0.1, url=/, args=, result=<200 OK OK,links: [<http://127.0.0.1:8080/sysRes{?page,size,sort}>;rel="sysReses", <http://127.0.0.1:8080/sysUserRole{?page,size,sort}>;rel="sysUserRoles", <http://127.0.0.1:8080/section{?page,size,sort}>;rel="sections", <http://127.0.0.1:8080/courseTimetableLocation{?page,size,sort}>;rel="courseTimetableLocations", <http://127.0.0.1:8080/knowledge{?page,size,sort}>;rel="knowledges", <http://127.0.0.1:8080/judgement{?page,size,sort}>;rel="judgements", <http://127.0.0.1:8080/appeal{?page,size,sort}>;rel="appeals", <http://127.0.0.1:8080/examRule{?page,size,sort}>;rel="examRules", <http://127.0.0.1:8080/program{?page,size,sort}>;rel="programs", <http://127.0.0.1:8080/essay{?page,size,sort}>;rel="essays", <http://127.0.0.1:8080/teacher{?page,size,sort}>;rel="teachers", <http://127.0.0.1:8080/sysData{?page,size,sort}>;rel="sysDatas", <http://127.0.0.1:8080/logicClass{?page,size,sort}>;rel="logicClasses", <http://127.0.0.1:8080/paper{?page,size,sort}>;rel="papers", <http://127.0.0.1:8080/paperDetail{?page,size,sort}>;rel="paperDetails", <http://127.0.0.1:8080/sysUser{?page,size,sort}>;rel="sysUsers", <http://127.0.0.1:8080/sysLog{?page,size,sort}>;rel="sysLogs", <http://127.0.0.1:8080/sysRoleRes{?page,size,sort}>;rel="sysRoleReses", <http://127.0.0.1:8080/course{?page,size,sort}>;rel="courses", <http://127.0.0.1:8080/student{?page,size,sort}>;rel="students", <http://127.0.0.1:8080/selOptions{?page,size,sort}>;rel="selOptionses", <http://127.0.0.1:8080/multiSel{?page,size,sort}>;rel="multiSels", <http://127.0.0.1:8080/singleSel{?page,size,sort}>;rel="singleSels", <http://127.0.0.1:8080/exam{?page,size,sort}>;rel="exams", <http://127.0.0.1:8080/examHistory{?page,size,sort}>;rel="examHistories", <http://127.0.0.1:8080/userConnection{?page,size,sort}>;rel="userConnections", <http://127.0.0.1:8080/semester{?page,size,sort}>;rel="semesters", <http://127.0.0.1:8080/sysRole{?page,size,sort}>;rel="sysRoles"],[]>, status=1), links: [<http://127.0.0.1:8080/sysLog/5>;rel="self", <http://127.0.0.1:8080/sysLog/5>;rel="sysLog"] }, Resource { content: SysLog(super=cn.edu.gzmu.model.entity.SysLog@47feddef, browser=PostmanRuntime/7.15.0, operation=GET, fromUrl=http://127.0.0.1:8080/, ip=127.0.0.1, url=/, args=, result=<200 OK OK,links: [<http://127.0.0.1:8080/sysRes{?page,size,sort}>;rel="sysReses", <http://127.0.0.1:8080/sysUserRole{?page,size,sort}>;rel="sysUserRoles", <http://127.0.0.1:8080/section{?page,size,sort}>;rel="sections", <http://127.0.0.1:8080/courseTimetableLocation{?page,size,sort}>;rel="courseTimetableLocations", <http://127.0.0.1:8080/knowledge{?page,size,sort}>;rel="knowledges", <http://127.0.0.1:8080/judgement{?page,size,sort}>;rel="judgements", <http://127.0.0.1:8080/appeal{?page,size,sort}>;rel="appeals", <http://127.0.0.1:8080/examRule{?page,size,sort}>;rel="examRules", <http://127.0.0.1:8080/program{?page,size,sort}>;rel="programs", <http://127.0.0.1:8080/essay{?page,size,sort}>;rel="essays", <http://127.0.0.1:8080/teacher{?page,size,sort}>;rel="teachers", <http://127.0.0.1:8080/sysData{?page,size,sort}>;rel="sysDatas", <http://127.0.0.1:8080/logicClass{?page,size,sort}>;rel="logicClasses", <http://127.0.0.1:8080/paper{?page,size,sort}>;rel="papers", <http://127.0.0.1:8080/paperDetail{?page,size,sort}>;rel="paperDetails", <http://127.0.0.1:8080/sysUser{?page,size,sort}>;rel="sysUsers", <http://127.0.0.1:8080/sysLog{?page,size,sort}>;rel="sysLogs", <http://127.0.0.1:8080/sysRoleRes{?page,size,sort}>;rel="sysRoleReses", <http://127.0.0.1:8080/course{?page,size,sort}>;rel="courses", <http://127.0.0.1:8080/student{?page,size,sort}>;rel="students", <http://127.0.0.1:8080/selOptions{?page,size,sort}>;rel="selOptionses", <http://127.0.0.1:8080/multiSel{?page,size,sort}>;rel="multiSels", <http://127.0.0.1:8080/singleSel{?page,size,sort}>;rel="singleSels", <http://127.0.0.1:8080/exam{?page,size,sort}>;rel="exams", <http://127.0.0.1:8080/examHistory{?page,size,sort}>;rel="examHistories", <http://127.0.0.1:8080/userConnection{?page,size,sort}>;rel="userConnections", <http://127.0.0.1:8080/semester{?page,size,sort}>;rel="semesters", <http://127.0.0.1:8080/sysRole{?page,size,sort}>;rel="sysRoles"],[]>, status=1), links: [<http://127.0.0.1:8080/sysLog/6>;rel="self", <http://127.0.0.1:8080/sysLog/6>;rel="sysLog"] }, Resource { content: SysLog(super=cn.edu.gzmu.model.entity.SysLog@15a1d5b2, browser=PostmanRuntime/7.15.0, operation=GET, fromUrl=http://127.0.0.1:8080/, ip=127.0.0.1, url=/, args=, result=<200 OK OK,links: [<http://127.0.0.1:8080/sysRes{?page,size,sort}>;rel="sysReses", <http://127.0.0.1:8080/sysUserRole{?page,size,sort}>;rel="sysUserRoles", <http://127.0.0.1:8080/section{?page,size,sort}>;rel="sections", <http://127.0.0.1:8080/courseTimetableLocation{?page,size,sort}>;rel="courseTimetableLocations", <http://127.0.0.1:8080/knowledge{?page,size,sort}>;rel="knowledges", <http://127.0.0.1:8080/judgement{?page,size,sort}>;rel="judgements", <http://127.0.0.1:8080/appeal{?page,size,sort}>;rel="appeals", <http://127.0.0.1:8080/examRule{?page,size,sort}>;rel="examRules", <http://127.0.0.1:8080/program{?page,size,sort}>;rel="programs", <http://127.0.0.1:8080/essay{?page,size,sort}>;rel="essays", <http://127.0.0.1:8080/teacher{?page,size,sort}>;rel="teachers", <http://127.0.0.1:8080/sysData{?page,size,sort}>;rel="sysDatas", <http://127.0.0.1:8080/logicClass{?page,size,sort}>;rel="logicClasses", <http://127.0.0.1:8080/paper{?page,size,sort}>;rel="papers", <http://127.0.0.1:8080/paperDetail{?page,size,sort}>;rel="paperDetails", <http://127.0.0.1:8080/sysUser{?page,s', '1', null, null, '2019-07-31 15:13:09', null, '2019-07-31 15:13:09', null, 1);
INSERT INTO sys_log (id, name, spell, browser, operation, from_url, ip, url, args, result, status, sort, create_user, create_time, modify_user, modify_time, remark, is_enable) VALUES (20, null, null, 'PostmanRuntime/7.15.2', 'GET', 'http://127.0.0.1:8080/sysLog', '127.0.0.1', '/sysLog', 'org.springframework.data.rest.webmvc.RootResourceInformation@32b65264,org.springframework.data.rest.webmvc.support.DefaultedPageable@524390c,UNSORTED,org.springframework.data.rest.webmvc.PersistentEntityResourceAssembler@2f3292ab', 'PagedResource { content: [Resource { content: SysLog(super=cn.edu.gzmu.model.entity.SysLog@27ec2a9b, browser=PostmanRuntime/7.15.0, operation=GET, fromUrl=http://127.0.0.1:8080/, ip=127.0.0.1, url=/, args=, result=<200 OK OK,links: [<http://127.0.0.1:8080/sysRes{?page,size,sort}>;rel="sysReses", <http://127.0.0.1:8080/teacher{?page,size,sort}>;rel="teachers", <http://127.0.0.1:8080/knowledge{?page,size,sort}>;rel="knowledges", <http://127.0.0.1:8080/logicClass{?page,size,sort}>;rel="logicClasses", <http://127.0.0.1:8080/singleSel{?page,size,sort}>;rel="singleSels", <http://127.0.0.1:8080/appeal{?page,size,sort}>;rel="appeals", <http://127.0.0.1:8080/student{?page,size,sort}>;rel="students", <http://127.0.0.1:8080/paper{?page,size,sort}>;rel="papers", <http://127.0.0.1:8080/userConnection{?page,size,sort}>;rel="userConnections", <http://127.0.0.1:8080/multiSel{?page,size,sort}>;rel="multiSels", <http://127.0.0.1:8080/program{?page,size,sort}>;rel="programs", <http://127.0.0.1:8080/courseTimetableLocation{?page,size,sort}>;rel="courseTimetableLocations", <http://127.0.0.1:8080/judgement{?page,size,sort}>;rel="judgements", <http://127.0.0.1:8080/sysLog{?page,size,sort}>;rel="sysLogs", <http://127.0.0.1:8080/exam{?page,size,sort}>;rel="exams", <http://127.0.0.1:8080/semester{?page,size,sort}>;rel="semesters", <http://127.0.0.1:8080/course{?page,size,sort}>;rel="courses", <http://127.0.0.1:8080/essay{?page,size,sort}>;rel="essays", <http://127.0.0.1:8080/sysRoleRes{?page,size,sort}>;rel="sysRoleReses", <http://127.0.0.1:8080/examHistory{?page,size,sort}>;rel="examHistories", <http://127.0.0.1:8080/selOptions{?page,size,sort}>;rel="selOptionses", <http://127.0.0.1:8080/examRule{?page,size,sort}>;rel="examRules", <http://127.0.0.1:8080/sysUserRole{?page,size,sort}>;rel="sysUserRoles", <http://127.0.0.1:8080/section{?page,size,sort}>;rel="sections", <http://127.0.0.1:8080/paperDetail{?page,size,sort}>;rel="paperDetails", <http://127.0.0.1:8080/sysData{?page,size,sort}>;rel="sysDatas", <http://127.0.0.1:8080/sysUser{?page,size,sort}>;rel="sysUsers", <http://127.0.0.1:8080/sysRole{?page,size,sort}>;rel="sysRoles"],[]>, status=1), links: [<http://127.0.0.1:8080/sysLog/3>;rel="self", <http://127.0.0.1:8080/sysLog/3>;rel="sysLog"] }, Resource { content: SysLog(super=cn.edu.gzmu.model.entity.SysLog@71c7addb, browser=PostmanRuntime/7.15.0, operation=GET, fromUrl=http://127.0.0.1:8080/, ip=127.0.0.1, url=/, args=, result=<200 OK OK,links: [<http://127.0.0.1:8080/student{?page,size,sort}>;rel="students", <http://127.0.0.1:8080/courseTimetableLocation{?page,size,sort}>;rel="courseTimetableLocations", <http://127.0.0.1:8080/sysLog{?page,size,sort}>;rel="sysLogs", <http://127.0.0.1:8080/judgement{?page,size,sort}>;rel="judgements", <http://127.0.0.1:8080/teacher{?page,size,sort}>;rel="teachers", <http://127.0.0.1:8080/examRule{?page,size,sort}>;rel="examRules", <http://127.0.0.1:8080/logicClass{?page,size,sort}>;rel="logicClasses", <http://127.0.0.1:8080/sysRoleRes{?page,size,sort}>;rel="sysRoleReses", <http://127.0.0.1:8080/selOptions{?page,size,sort}>;rel="selOptionses", <http://127.0.0.1:8080/userConnection{?page,size,sort}>;rel="userConnections", <http://127.0.0.1:8080/program{?page,size,sort}>;rel="programs", <http://127.0.0.1:8080/semester{?page,size,sort}>;rel="semesters", <http://127.0.0.1:8080/sysData{?page,size,sort}>;rel="sysDatas", <http://127.0.0.1:8080/essay{?page,size,sort}>;rel="essays", <http://127.0.0.1:8080/appeal{?page,size,sort}>;rel="appeals", <http://127.0.0.1:8080/examHistory{?page,size,sort}>;rel="examHistories", <http://127.0.0.1:8080/paperDetail{?page,size,sort}>;rel="paperDetails", <http://127.0.0.1:8080/singleSel{?page,size,sort}>;rel="singleSels", <http://127.0.0.1:8080/knowledge{?page,size,sort}>;rel="knowledges", <http://127.0.0.1:8080/section{?page,size,sort}>;rel="sections", <http://127.0.0.1:8080/sysRole{?page,size,sort}>;rel="sysRoles", <http://127.0.0.1:8080/multiSel{?page,size,sort}>;rel="multiSels", <http://127.0.0.1:8080/paper{?page,size,sort}>;rel="papers", <http://127.0.0.1:8080/sysRes{?page,size,sort}>;rel="sysReses", <http://127.0.0.1:8080/course{?page,size,sort}>;rel="courses", <http://127.0.0.1:8080/sysUser{?page,size,sort}>;rel="sysUsers", <http://127.0.0.1:8080/exam{?page,size,sort}>;rel="exams", <http://127.0.0.1:8080/sysUserRole{?page,size,sort}>;rel="sysUserRoles"],[]>, status=1), links: [<http://127.0.0.1:8080/sysLog/4>;rel="self", <http://127.0.0.1:8080/sysLog/4>;rel="sysLog"] }, Resource { content: SysLog(super=cn.edu.gzmu.model.entity.SysLog@650c79d8, browser=PostmanRuntime/7.15.0, operation=GET, fromUrl=http://127.0.0.1:8080/, ip=127.0.0.1, url=/, args=, result=<200 OK OK,links: [<http://127.0.0.1:8080/sysRes{?page,size,sort}>;rel="sysReses", <http://127.0.0.1:8080/sysUserRole{?page,size,sort}>;rel="sysUserRoles", <http://127.0.0.1:8080/section{?page,size,sort}>;rel="sections", <http://127.0.0.1:8080/courseTimetableLocation{?page,size,sort}>;rel="courseTimetableLocations", <http://127.0.0.1:8080/knowledge{?page,size,sort}>;rel="knowledges", <http://127.0.0.1:8080/judgement{?page,size,sort}>;rel="judgements", <http://127.0.0.1:8080/appeal{?page,size,sort}>;rel="appeals", <http://127.0.0.1:8080/examRule{?page,size,sort}>;rel="examRules", <http://127.0.0.1:8080/program{?page,size,sort}>;rel="programs", <http://127.0.0.1:8080/essay{?page,size,sort}>;rel="essays", <http://127.0.0.1:8080/teacher{?page,size,sort}>;rel="teachers", <http://127.0.0.1:8080/sysData{?page,size,sort}>;rel="sysDatas", <http://127.0.0.1:8080/logicClass{?page,size,sort}>;rel="logicClasses", <http://127.0.0.1:8080/paper{?page,size,sort}>;rel="papers", <http://127.0.0.1:8080/paperDetail{?page,size,sort}>;rel="paperDetails", <http://127.0.0.1:8080/sysUser{?page,size,sort}>;rel="sysUsers", <http://127.0.0.1:8080/sysLog{?page,size,sort}>;rel="sysLogs", <http://127.0.0.1:8080/sysRoleRes{?page,size,sort}>;rel="sysRoleReses", <http://127.0.0.1:8080/course{?page,size,sort}>;rel="courses", <http://127.0.0.1:8080/student{?page,size,sort}>;rel="students", <http://127.0.0.1:8080/selOptions{?page,size,sort}>;rel="selOptionses", <http://127.0.0.1:8080/multiSel{?page,size,sort}>;rel="multiSels", <http://127.0.0.1:8080/singleSel{?page,size,sort}>;rel="singleSels", <http://127.0.0.1:8080/exam{?page,size,sort}>;rel="exams", <http://127.0.0.1:8080/examHistory{?page,size,sort}>;rel="examHistories", <http://127.0.0.1:8080/userConnection{?page,size,sort}>;rel="userConnections", <http://127.0.0.1:8080/semester{?page,size,sort}>;rel="semesters", <http://127.0.0.1:8080/sysRole{?page,size,sort}>;rel="sysRoles"],[]>, status=1), links: [<http://127.0.0.1:8080/sysLog/5>;rel="self", <http://127.0.0.1:8080/sysLog/5>;rel="sysLog"] }, Resource { content: SysLog(super=cn.edu.gzmu.model.entity.SysLog@8d21c97e, browser=PostmanRuntime/7.15.0, operation=GET, fromUrl=http://127.0.0.1:8080/, ip=127.0.0.1, url=/, args=, result=<200 OK OK,links: [<http://127.0.0.1:8080/sysRes{?page,size,sort}>;rel="sysReses", <http://127.0.0.1:8080/sysUserRole{?page,size,sort}>;rel="sysUserRoles", <http://127.0.0.1:8080/section{?page,size,sort}>;rel="sections", <http://127.0.0.1:8080/courseTimetableLocation{?page,size,sort}>;rel="courseTimetableLocations", <http://127.0.0.1:8080/knowledge{?page,size,sort}>;rel="knowledges", <http://127.0.0.1:8080/judgement{?page,size,sort}>;rel="judgements", <http://127.0.0.1:8080/appeal{?page,size,sort}>;rel="appeals", <http://127.0.0.1:8080/examRule{?page,size,sort}>;rel="examRules", <http://127.0.0.1:8080/program{?page,size,sort}>;rel="programs", <http://127.0.0.1:8080/essay{?page,size,sort}>;rel="essays", <http://127.0.0.1:8080/teacher{?page,size,sort}>;rel="teachers", <http://127.0.0.1:8080/sysData{?page,size,sort}>;rel="sysDatas", <http://127.0.0.1:8080/logicClass{?page,size,sort}>;rel="logicClasses", <http://127.0.0.1:8080/paper{?page,size,sort}>;rel="papers", <http://127.0.0.1:8080/paperDetail{?page,size,sort}>;rel="paperDetails", <http://127.0.0.1:8080/sysUser{?page,size,sort}>;rel="sysUsers", <http://127.0.0.1:8080/sysLog{?page,size,sort}>;rel="sysLogs", <http://127.0.0.1:8080/sysRoleRes{?page,size,sort}>;rel="sysRoleReses", <http://127.0.0.1:8080/course{?page,size,sort}>;rel="courses", <http://127.0.0.1:8080/student{?page,size,sort}>;rel="students", <http://127.0.0.1:8080/selOptions{?page,size,sort}>;rel="selOptionses", <http://127.0.0.1:8080/multiSel{?page,size,sort}>;rel="multiSels", <http://127.0.0.1:8080/singleSel{?page,size,sort}>;rel="singleSels", <http://127.0.0.1:8080/exam{?page,size,sort}>;rel="exams", <http://127.0.0.1:8080/examHistory{?page,size,sort}>;rel="examHistories", <http://127.0.0.1:8080/userConnection{?page,size,sort}>;rel="userConnections", <http://127.0.0.1:8080/semester{?page,size,sort}>;rel="semesters", <http://127.0.0.1:8080/sysRole{?page,size,sort}>;rel="sysRoles"],[]>, status=1), links: [<http://127.0.0.1:8080/sysLog/6>;rel="self", <http://127.0.0.1:8080/sysLog/6>;rel="sysLog"] }, Resource { content: SysLog(super=cn.edu.gzmu.model.entity.SysLog@c8969a35, browser=PostmanRuntime/7.15.0, operation=GET, fromUrl=http://127.0.0.1:8080/, ip=127.0.0.1, url=/, args=, result=<200 OK OK,links: [<http://127.0.0.1:8080/sysRes{?page,size,sort}>;rel="sysReses", <http://127.0.0.1:8080/sysUserRole{?page,size,sort}>;rel="sysUserRoles", <http://127.0.0.1:8080/section{?page,size,sort}>;rel="sections", <http://127.0.0.1:8080/courseTimetableLocation{?page,size,sort}>;rel="courseTimetableLocations", <http://127.0.0.1:8080/knowledge{?page,size,sort}>;rel="knowledges", <http://127.0.0.1:8080/judgement{?page,size,sort}>;rel="judgements", <http://127.0.0.1:8080/appeal{?page,size,sort}>;rel="appeals", <http://127.0.0.1:8080/examRule{?page,size,sort}>;rel="examRules", <http://127.0.0.1:8080/program{?page,size,sort}>;rel="programs", <http://127.0.0.1:8080/essay{?page,size,sort}>;rel="essays", <http://127.0.0.1:8080/teacher{?page,size,sort}>;rel="teachers", <http://127.0.0.1:8080/sysData{?page,size,sort}>;rel="sysDatas", <http://127.0.0.1:8080/logicClass{?page,size,sort}>;rel="logicClasses", <http://127.0.0.1:8080/paper{?page,size,sort}>;rel="papers", <http://127.0.0.1:8080/paperDetail{?page,size,sort}>;rel="paperDetails", <http://127.0.0.1:8080/sysUser{?page,s', '1', null, null, '2019-07-31 15:14:44', null, '2019-07-31 15:14:44', null, 1);
INSERT INTO sys_log (id, name, spell, browser, operation, from_url, ip, url, args, result, status, sort, create_user, create_time, modify_user, modify_time, remark, is_enable) VALUES (21, null, null, 'PostmanRuntime/7.15.2', 'GET', 'http://127.0.0.1:8080/sysLog', '127.0.0.1', '/sysLog', 'org.springframework.data.rest.webmvc.RootResourceInformation@3675daf7,org.springframework.data.rest.webmvc.support.DefaultedPageable@10cf7685,UNSORTED,org.springframework.data.rest.webmvc.PersistentEntityResourceAssembler@7ce54f3a', 'PagedResource { content: [Resource { content: SysLog(super=cn.edu.gzmu.model.entity.SysLog@c48a82f9, browser=PostmanRuntime/7.15.0, operation=GET, fromUrl=http://127.0.0.1:8080/, ip=127.0.0.1, url=/, args=, result=<200 OK OK,links: [<http://127.0.0.1:8080/sysRes{?page,size,sort}>;rel="sysReses", <http://127.0.0.1:8080/teacher{?page,size,sort}>;rel="teachers", <http://127.0.0.1:8080/knowledge{?page,size,sort}>;rel="knowledges", <http://127.0.0.1:8080/logicClass{?page,size,sort}>;rel="logicClasses", <http://127.0.0.1:8080/singleSel{?page,size,sort}>;rel="singleSels", <http://127.0.0.1:8080/appeal{?page,size,sort}>;rel="appeals", <http://127.0.0.1:8080/student{?page,size,sort}>;rel="students", <http://127.0.0.1:8080/paper{?page,size,sort}>;rel="papers", <http://127.0.0.1:8080/userConnection{?page,size,sort}>;rel="userConnections", <http://127.0.0.1:8080/multiSel{?page,size,sort}>;rel="multiSels", <http://127.0.0.1:8080/program{?page,size,sort}>;rel="programs", <http://127.0.0.1:8080/courseTimetableLocation{?page,size,sort}>;rel="courseTimetableLocations", <http://127.0.0.1:8080/judgement{?page,size,sort}>;rel="judgements", <http://127.0.0.1:8080/sysLog{?page,size,sort}>;rel="sysLogs", <http://127.0.0.1:8080/exam{?page,size,sort}>;rel="exams", <http://127.0.0.1:8080/semester{?page,size,sort}>;rel="semesters", <http://127.0.0.1:8080/course{?page,size,sort}>;rel="courses", <http://127.0.0.1:8080/essay{?page,size,sort}>;rel="essays", <http://127.0.0.1:8080/sysRoleRes{?page,size,sort}>;rel="sysRoleReses", <http://127.0.0.1:8080/examHistory{?page,size,sort}>;rel="examHistories", <http://127.0.0.1:8080/selOptions{?page,size,sort}>;rel="selOptionses", <http://127.0.0.1:8080/examRule{?page,size,sort}>;rel="examRules", <http://127.0.0.1:8080/sysUserRole{?page,size,sort}>;rel="sysUserRoles", <http://127.0.0.1:8080/section{?page,size,sort}>;rel="sections", <http://127.0.0.1:8080/paperDetail{?page,size,sort}>;rel="paperDetails", <http://127.0.0.1:8080/sysData{?page,size,sort}>;rel="sysDatas", <http://127.0.0.1:8080/sysUser{?page,size,sort}>;rel="sysUsers", <http://127.0.0.1:8080/sysRole{?page,size,sort}>;rel="sysRoles"],[]>, status=1), links: [<http://127.0.0.1:8080/sysLog/3>;rel="self", <http://127.0.0.1:8080/sysLog/3>;rel="sysLog"] }, Resource { content: SysLog(super=cn.edu.gzmu.model.entity.SysLog@778f08cc, browser=PostmanRuntime/7.15.0, operation=GET, fromUrl=http://127.0.0.1:8080/, ip=127.0.0.1, url=/, args=, result=<200 OK OK,links: [<http://127.0.0.1:8080/student{?page,size,sort}>;rel="students", <http://127.0.0.1:8080/courseTimetableLocation{?page,size,sort}>;rel="courseTimetableLocations", <http://127.0.0.1:8080/sysLog{?page,size,sort}>;rel="sysLogs", <http://127.0.0.1:8080/judgement{?page,size,sort}>;rel="judgements", <http://127.0.0.1:8080/teacher{?page,size,sort}>;rel="teachers", <http://127.0.0.1:8080/examRule{?page,size,sort}>;rel="examRules", <http://127.0.0.1:8080/logicClass{?page,size,sort}>;rel="logicClasses", <http://127.0.0.1:8080/sysRoleRes{?page,size,sort}>;rel="sysRoleReses", <http://127.0.0.1:8080/selOptions{?page,size,sort}>;rel="selOptionses", <http://127.0.0.1:8080/userConnection{?page,size,sort}>;rel="userConnections", <http://127.0.0.1:8080/program{?page,size,sort}>;rel="programs", <http://127.0.0.1:8080/semester{?page,size,sort}>;rel="semesters", <http://127.0.0.1:8080/sysData{?page,size,sort}>;rel="sysDatas", <http://127.0.0.1:8080/essay{?page,size,sort}>;rel="essays", <http://127.0.0.1:8080/appeal{?page,size,sort}>;rel="appeals", <http://127.0.0.1:8080/examHistory{?page,size,sort}>;rel="examHistories", <http://127.0.0.1:8080/paperDetail{?page,size,sort}>;rel="paperDetails", <http://127.0.0.1:8080/singleSel{?page,size,sort}>;rel="singleSels", <http://127.0.0.1:8080/knowledge{?page,size,sort}>;rel="knowledges", <http://127.0.0.1:8080/section{?page,size,sort}>;rel="sections", <http://127.0.0.1:8080/sysRole{?page,size,sort}>;rel="sysRoles", <http://127.0.0.1:8080/multiSel{?page,size,sort}>;rel="multiSels", <http://127.0.0.1:8080/paper{?page,size,sort}>;rel="papers", <http://127.0.0.1:8080/sysRes{?page,size,sort}>;rel="sysReses", <http://127.0.0.1:8080/course{?page,size,sort}>;rel="courses", <http://127.0.0.1:8080/sysUser{?page,size,sort}>;rel="sysUsers", <http://127.0.0.1:8080/exam{?page,size,sort}>;rel="exams", <http://127.0.0.1:8080/sysUserRole{?page,size,sort}>;rel="sysUserRoles"],[]>, status=1), links: [<http://127.0.0.1:8080/sysLog/4>;rel="self", <http://127.0.0.1:8080/sysLog/4>;rel="sysLog"] }, Resource { content: SysLog(super=cn.edu.gzmu.model.entity.SysLog@b4c4ca3b, browser=PostmanRuntime/7.15.0, operation=GET, fromUrl=http://127.0.0.1:8080/, ip=127.0.0.1, url=/, args=, result=<200 OK OK,links: [<http://127.0.0.1:8080/sysRes{?page,size,sort}>;rel="sysReses", <http://127.0.0.1:8080/sysUserRole{?page,size,sort}>;rel="sysUserRoles", <http://127.0.0.1:8080/section{?page,size,sort}>;rel="sections", <http://127.0.0.1:8080/courseTimetableLocation{?page,size,sort}>;rel="courseTimetableLocations", <http://127.0.0.1:8080/knowledge{?page,size,sort}>;rel="knowledges", <http://127.0.0.1:8080/judgement{?page,size,sort}>;rel="judgements", <http://127.0.0.1:8080/appeal{?page,size,sort}>;rel="appeals", <http://127.0.0.1:8080/examRule{?page,size,sort}>;rel="examRules", <http://127.0.0.1:8080/program{?page,size,sort}>;rel="programs", <http://127.0.0.1:8080/essay{?page,size,sort}>;rel="essays", <http://127.0.0.1:8080/teacher{?page,size,sort}>;rel="teachers", <http://127.0.0.1:8080/sysData{?page,size,sort}>;rel="sysDatas", <http://127.0.0.1:8080/logicClass{?page,size,sort}>;rel="logicClasses", <http://127.0.0.1:8080/paper{?page,size,sort}>;rel="papers", <http://127.0.0.1:8080/paperDetail{?page,size,sort}>;rel="paperDetails", <http://127.0.0.1:8080/sysUser{?page,size,sort}>;rel="sysUsers", <http://127.0.0.1:8080/sysLog{?page,size,sort}>;rel="sysLogs", <http://127.0.0.1:8080/sysRoleRes{?page,size,sort}>;rel="sysRoleReses", <http://127.0.0.1:8080/course{?page,size,sort}>;rel="courses", <http://127.0.0.1:8080/student{?page,size,sort}>;rel="students", <http://127.0.0.1:8080/selOptions{?page,size,sort}>;rel="selOptionses", <http://127.0.0.1:8080/multiSel{?page,size,sort}>;rel="multiSels", <http://127.0.0.1:8080/singleSel{?page,size,sort}>;rel="singleSels", <http://127.0.0.1:8080/exam{?page,size,sort}>;rel="exams", <http://127.0.0.1:8080/examHistory{?page,size,sort}>;rel="examHistories", <http://127.0.0.1:8080/userConnection{?page,size,sort}>;rel="userConnections", <http://127.0.0.1:8080/semester{?page,size,sort}>;rel="semesters", <http://127.0.0.1:8080/sysRole{?page,size,sort}>;rel="sysRoles"],[]>, status=1), links: [<http://127.0.0.1:8080/sysLog/5>;rel="self", <http://127.0.0.1:8080/sysLog/5>;rel="sysLog"] }, Resource { content: SysLog(super=cn.edu.gzmu.model.entity.SysLog@a0303575, browser=PostmanRuntime/7.15.0, operation=GET, fromUrl=http://127.0.0.1:8080/, ip=127.0.0.1, url=/, args=, result=<200 OK OK,links: [<http://127.0.0.1:8080/sysRes{?page,size,sort}>;rel="sysReses", <http://127.0.0.1:8080/sysUserRole{?page,size,sort}>;rel="sysUserRoles", <http://127.0.0.1:8080/section{?page,size,sort}>;rel="sections", <http://127.0.0.1:8080/courseTimetableLocation{?page,size,sort}>;rel="courseTimetableLocations", <http://127.0.0.1:8080/knowledge{?page,size,sort}>;rel="knowledges", <http://127.0.0.1:8080/judgement{?page,size,sort}>;rel="judgements", <http://127.0.0.1:8080/appeal{?page,size,sort}>;rel="appeals", <http://127.0.0.1:8080/examRule{?page,size,sort}>;rel="examRules", <http://127.0.0.1:8080/program{?page,size,sort}>;rel="programs", <http://127.0.0.1:8080/essay{?page,size,sort}>;rel="essays", <http://127.0.0.1:8080/teacher{?page,size,sort}>;rel="teachers", <http://127.0.0.1:8080/sysData{?page,size,sort}>;rel="sysDatas", <http://127.0.0.1:8080/logicClass{?page,size,sort}>;rel="logicClasses", <http://127.0.0.1:8080/paper{?page,size,sort}>;rel="papers", <http://127.0.0.1:8080/paperDetail{?page,size,sort}>;rel="paperDetails", <http://127.0.0.1:8080/sysUser{?page,size,sort}>;rel="sysUsers", <http://127.0.0.1:8080/sysLog{?page,size,sort}>;rel="sysLogs", <http://127.0.0.1:8080/sysRoleRes{?page,size,sort}>;rel="sysRoleReses", <http://127.0.0.1:8080/course{?page,size,sort}>;rel="courses", <http://127.0.0.1:8080/student{?page,size,sort}>;rel="students", <http://127.0.0.1:8080/selOptions{?page,size,sort}>;rel="selOptionses", <http://127.0.0.1:8080/multiSel{?page,size,sort}>;rel="multiSels", <http://127.0.0.1:8080/singleSel{?page,size,sort}>;rel="singleSels", <http://127.0.0.1:8080/exam{?page,size,sort}>;rel="exams", <http://127.0.0.1:8080/examHistory{?page,size,sort}>;rel="examHistories", <http://127.0.0.1:8080/userConnection{?page,size,sort}>;rel="userConnections", <http://127.0.0.1:8080/semester{?page,size,sort}>;rel="semesters", <http://127.0.0.1:8080/sysRole{?page,size,sort}>;rel="sysRoles"],[]>, status=1), links: [<http://127.0.0.1:8080/sysLog/6>;rel="self", <http://127.0.0.1:8080/sysLog/6>;rel="sysLog"] }, Resource { content: SysLog(super=cn.edu.gzmu.model.entity.SysLog@9296c48e, browser=PostmanRuntime/7.15.0, operation=GET, fromUrl=http://127.0.0.1:8080/, ip=127.0.0.1, url=/, args=, result=<200 OK OK,links: [<http://127.0.0.1:8080/sysRes{?page,size,sort}>;rel="sysReses", <http://127.0.0.1:8080/sysUserRole{?page,size,sort}>;rel="sysUserRoles", <http://127.0.0.1:8080/section{?page,size,sort}>;rel="sections", <http://127.0.0.1:8080/courseTimetableLocation{?page,size,sort}>;rel="courseTimetableLocations", <http://127.0.0.1:8080/knowledge{?page,size,sort}>;rel="knowledges", <http://127.0.0.1:8080/judgement{?page,size,sort}>;rel="judgements", <http://127.0.0.1:8080/appeal{?page,size,sort}>;rel="appeals", <http://127.0.0.1:8080/examRule{?page,size,sort}>;rel="examRules", <http://127.0.0.1:8080/program{?page,size,sort}>;rel="programs", <http://127.0.0.1:8080/essay{?page,size,sort}>;rel="essays", <http://127.0.0.1:8080/teacher{?page,size,sort}>;rel="teachers", <http://127.0.0.1:8080/sysData{?page,size,sort}>;rel="sysDatas", <http://127.0.0.1:8080/logicClass{?page,size,sort}>;rel="logicClasses", <http://127.0.0.1:8080/paper{?page,size,sort}>;rel="papers", <http://127.0.0.1:8080/paperDetail{?page,size,sort}>;rel="paperDetails", <http://127.0.0.1:8080/sysUser{?page,s', '1', null, null, '2019-08-01 07:54:58', null, '2019-08-01 07:54:58', null, 1);
INSERT INTO sys_log (id, name, spell, browser, operation, from_url, ip, url, args, result, status, sort, create_user, create_time, modify_user, modify_time, remark, is_enable) VALUES (22, null, null, 'PostmanRuntime/7.15.2', 'GET', 'http://127.0.0.1:8080/sysLog', '127.0.0.1', '/sysLog', 'org.springframework.data.rest.webmvc.RootResourceInformation@70cd815d,org.springframework.data.rest.webmvc.support.DefaultedPageable@74f21b9c,UNSORTED,org.springframework.data.rest.webmvc.PersistentEntityResourceAssembler@31f08b66', 'PagedResource { content: [Resource { content: SysLog(super=cn.edu.gzmu.model.entity.SysLog@637568cb, browser=PostmanRuntime/7.15.0, operation=GET, fromUrl=http://127.0.0.1:8080/, ip=127.0.0.1, url=/, args=, result=<200 OK OK,links: [<http://127.0.0.1:8080/sysRes{?page,size,sort}>;rel="sysReses", <http://127.0.0.1:8080/teacher{?page,size,sort}>;rel="teachers", <http://127.0.0.1:8080/knowledge{?page,size,sort}>;rel="knowledges", <http://127.0.0.1:8080/logicClass{?page,size,sort}>;rel="logicClasses", <http://127.0.0.1:8080/singleSel{?page,size,sort}>;rel="singleSels", <http://127.0.0.1:8080/appeal{?page,size,sort}>;rel="appeals", <http://127.0.0.1:8080/student{?page,size,sort}>;rel="students", <http://127.0.0.1:8080/paper{?page,size,sort}>;rel="papers", <http://127.0.0.1:8080/userConnection{?page,size,sort}>;rel="userConnections", <http://127.0.0.1:8080/multiSel{?page,size,sort}>;rel="multiSels", <http://127.0.0.1:8080/program{?page,size,sort}>;rel="programs", <http://127.0.0.1:8080/courseTimetableLocation{?page,size,sort}>;rel="courseTimetableLocations", <http://127.0.0.1:8080/judgement{?page,size,sort}>;rel="judgements", <http://127.0.0.1:8080/sysLog{?page,size,sort}>;rel="sysLogs", <http://127.0.0.1:8080/exam{?page,size,sort}>;rel="exams", <http://127.0.0.1:8080/semester{?page,size,sort}>;rel="semesters", <http://127.0.0.1:8080/course{?page,size,sort}>;rel="courses", <http://127.0.0.1:8080/essay{?page,size,sort}>;rel="essays", <http://127.0.0.1:8080/sysRoleRes{?page,size,sort}>;rel="sysRoleReses", <http://127.0.0.1:8080/examHistory{?page,size,sort}>;rel="examHistories", <http://127.0.0.1:8080/selOptions{?page,size,sort}>;rel="selOptionses", <http://127.0.0.1:8080/examRule{?page,size,sort}>;rel="examRules", <http://127.0.0.1:8080/sysUserRole{?page,size,sort}>;rel="sysUserRoles", <http://127.0.0.1:8080/section{?page,size,sort}>;rel="sections", <http://127.0.0.1:8080/paperDetail{?page,size,sort}>;rel="paperDetails", <http://127.0.0.1:8080/sysData{?page,size,sort}>;rel="sysDatas", <http://127.0.0.1:8080/sysUser{?page,size,sort}>;rel="sysUsers", <http://127.0.0.1:8080/sysRole{?page,size,sort}>;rel="sysRoles"],[]>, status=1), links: [<http://127.0.0.1:8080/sysLog/3>;rel="self", <http://127.0.0.1:8080/sysLog/3>;rel="sysLog"] }, Resource { content: SysLog(super=cn.edu.gzmu.model.entity.SysLog@f047ddb4, browser=PostmanRuntime/7.15.0, operation=GET, fromUrl=http://127.0.0.1:8080/, ip=127.0.0.1, url=/, args=, result=<200 OK OK,links: [<http://127.0.0.1:8080/student{?page,size,sort}>;rel="students", <http://127.0.0.1:8080/courseTimetableLocation{?page,size,sort}>;rel="courseTimetableLocations", <http://127.0.0.1:8080/sysLog{?page,size,sort}>;rel="sysLogs", <http://127.0.0.1:8080/judgement{?page,size,sort}>;rel="judgements", <http://127.0.0.1:8080/teacher{?page,size,sort}>;rel="teachers", <http://127.0.0.1:8080/examRule{?page,size,sort}>;rel="examRules", <http://127.0.0.1:8080/logicClass{?page,size,sort}>;rel="logicClasses", <http://127.0.0.1:8080/sysRoleRes{?page,size,sort}>;rel="sysRoleReses", <http://127.0.0.1:8080/selOptions{?page,size,sort}>;rel="selOptionses", <http://127.0.0.1:8080/userConnection{?page,size,sort}>;rel="userConnections", <http://127.0.0.1:8080/program{?page,size,sort}>;rel="programs", <http://127.0.0.1:8080/semester{?page,size,sort}>;rel="semesters", <http://127.0.0.1:8080/sysData{?page,size,sort}>;rel="sysDatas", <http://127.0.0.1:8080/essay{?page,size,sort}>;rel="essays", <http://127.0.0.1:8080/appeal{?page,size,sort}>;rel="appeals", <http://127.0.0.1:8080/examHistory{?page,size,sort}>;rel="examHistories", <http://127.0.0.1:8080/paperDetail{?page,size,sort}>;rel="paperDetails", <http://127.0.0.1:8080/singleSel{?page,size,sort}>;rel="singleSels", <http://127.0.0.1:8080/knowledge{?page,size,sort}>;rel="knowledges", <http://127.0.0.1:8080/section{?page,size,sort}>;rel="sections", <http://127.0.0.1:8080/sysRole{?page,size,sort}>;rel="sysRoles", <http://127.0.0.1:8080/multiSel{?page,size,sort}>;rel="multiSels", <http://127.0.0.1:8080/paper{?page,size,sort}>;rel="papers", <http://127.0.0.1:8080/sysRes{?page,size,sort}>;rel="sysReses", <http://127.0.0.1:8080/course{?page,size,sort}>;rel="courses", <http://127.0.0.1:8080/sysUser{?page,size,sort}>;rel="sysUsers", <http://127.0.0.1:8080/exam{?page,size,sort}>;rel="exams", <http://127.0.0.1:8080/sysUserRole{?page,size,sort}>;rel="sysUserRoles"],[]>, status=1), links: [<http://127.0.0.1:8080/sysLog/4>;rel="self", <http://127.0.0.1:8080/sysLog/4>;rel="sysLog"] }, Resource { content: SysLog(super=cn.edu.gzmu.model.entity.SysLog@c6a383df, browser=PostmanRuntime/7.15.0, operation=GET, fromUrl=http://127.0.0.1:8080/, ip=127.0.0.1, url=/, args=, result=<200 OK OK,links: [<http://127.0.0.1:8080/sysRes{?page,size,sort}>;rel="sysReses", <http://127.0.0.1:8080/sysUserRole{?page,size,sort}>;rel="sysUserRoles", <http://127.0.0.1:8080/section{?page,size,sort}>;rel="sections", <http://127.0.0.1:8080/courseTimetableLocation{?page,size,sort}>;rel="courseTimetableLocations", <http://127.0.0.1:8080/knowledge{?page,size,sort}>;rel="knowledges", <http://127.0.0.1:8080/judgement{?page,size,sort}>;rel="judgements", <http://127.0.0.1:8080/appeal{?page,size,sort}>;rel="appeals", <http://127.0.0.1:8080/examRule{?page,size,sort}>;rel="examRules", <http://127.0.0.1:8080/program{?page,size,sort}>;rel="programs", <http://127.0.0.1:8080/essay{?page,size,sort}>;rel="essays", <http://127.0.0.1:8080/teacher{?page,size,sort}>;rel="teachers", <http://127.0.0.1:8080/sysData{?page,size,sort}>;rel="sysDatas", <http://127.0.0.1:8080/logicClass{?page,size,sort}>;rel="logicClasses", <http://127.0.0.1:8080/paper{?page,size,sort}>;rel="papers", <http://127.0.0.1:8080/paperDetail{?page,size,sort}>;rel="paperDetails", <http://127.0.0.1:8080/sysUser{?page,size,sort}>;rel="sysUsers", <http://127.0.0.1:8080/sysLog{?page,size,sort}>;rel="sysLogs", <http://127.0.0.1:8080/sysRoleRes{?page,size,sort}>;rel="sysRoleReses", <http://127.0.0.1:8080/course{?page,size,sort}>;rel="courses", <http://127.0.0.1:8080/student{?page,size,sort}>;rel="students", <http://127.0.0.1:8080/selOptions{?page,size,sort}>;rel="selOptionses", <http://127.0.0.1:8080/multiSel{?page,size,sort}>;rel="multiSels", <http://127.0.0.1:8080/singleSel{?page,size,sort}>;rel="singleSels", <http://127.0.0.1:8080/exam{?page,size,sort}>;rel="exams", <http://127.0.0.1:8080/examHistory{?page,size,sort}>;rel="examHistories", <http://127.0.0.1:8080/userConnection{?page,size,sort}>;rel="userConnections", <http://127.0.0.1:8080/semester{?page,size,sort}>;rel="semesters", <http://127.0.0.1:8080/sysRole{?page,size,sort}>;rel="sysRoles"],[]>, status=1), links: [<http://127.0.0.1:8080/sysLog/5>;rel="self", <http://127.0.0.1:8080/sysLog/5>;rel="sysLog"] }, Resource { content: SysLog(super=cn.edu.gzmu.model.entity.SysLog@76221cfc, browser=PostmanRuntime/7.15.0, operation=GET, fromUrl=http://127.0.0.1:8080/, ip=127.0.0.1, url=/, args=, result=<200 OK OK,links: [<http://127.0.0.1:8080/sysRes{?page,size,sort}>;rel="sysReses", <http://127.0.0.1:8080/sysUserRole{?page,size,sort}>;rel="sysUserRoles", <http://127.0.0.1:8080/section{?page,size,sort}>;rel="sections", <http://127.0.0.1:8080/courseTimetableLocation{?page,size,sort}>;rel="courseTimetableLocations", <http://127.0.0.1:8080/knowledge{?page,size,sort}>;rel="knowledges", <http://127.0.0.1:8080/judgement{?page,size,sort}>;rel="judgements", <http://127.0.0.1:8080/appeal{?page,size,sort}>;rel="appeals", <http://127.0.0.1:8080/examRule{?page,size,sort}>;rel="examRules", <http://127.0.0.1:8080/program{?page,size,sort}>;rel="programs", <http://127.0.0.1:8080/essay{?page,size,sort}>;rel="essays", <http://127.0.0.1:8080/teacher{?page,size,sort}>;rel="teachers", <http://127.0.0.1:8080/sysData{?page,size,sort}>;rel="sysDatas", <http://127.0.0.1:8080/logicClass{?page,size,sort}>;rel="logicClasses", <http://127.0.0.1:8080/paper{?page,size,sort}>;rel="papers", <http://127.0.0.1:8080/paperDetail{?page,size,sort}>;rel="paperDetails", <http://127.0.0.1:8080/sysUser{?page,size,sort}>;rel="sysUsers", <http://127.0.0.1:8080/sysLog{?page,size,sort}>;rel="sysLogs", <http://127.0.0.1:8080/sysRoleRes{?page,size,sort}>;rel="sysRoleReses", <http://127.0.0.1:8080/course{?page,size,sort}>;rel="courses", <http://127.0.0.1:8080/student{?page,size,sort}>;rel="students", <http://127.0.0.1:8080/selOptions{?page,size,sort}>;rel="selOptionses", <http://127.0.0.1:8080/multiSel{?page,size,sort}>;rel="multiSels", <http://127.0.0.1:8080/singleSel{?page,size,sort}>;rel="singleSels", <http://127.0.0.1:8080/exam{?page,size,sort}>;rel="exams", <http://127.0.0.1:8080/examHistory{?page,size,sort}>;rel="examHistories", <http://127.0.0.1:8080/userConnection{?page,size,sort}>;rel="userConnections", <http://127.0.0.1:8080/semester{?page,size,sort}>;rel="semesters", <http://127.0.0.1:8080/sysRole{?page,size,sort}>;rel="sysRoles"],[]>, status=1), links: [<http://127.0.0.1:8080/sysLog/6>;rel="self", <http://127.0.0.1:8080/sysLog/6>;rel="sysLog"] }, Resource { content: SysLog(super=cn.edu.gzmu.model.entity.SysLog@5c2b7fef, browser=PostmanRuntime/7.15.0, operation=GET, fromUrl=http://127.0.0.1:8080/, ip=127.0.0.1, url=/, args=, result=<200 OK OK,links: [<http://127.0.0.1:8080/sysRes{?page,size,sort}>;rel="sysReses", <http://127.0.0.1:8080/sysUserRole{?page,size,sort}>;rel="sysUserRoles", <http://127.0.0.1:8080/section{?page,size,sort}>;rel="sections", <http://127.0.0.1:8080/courseTimetableLocation{?page,size,sort}>;rel="courseTimetableLocations", <http://127.0.0.1:8080/knowledge{?page,size,sort}>;rel="knowledges", <http://127.0.0.1:8080/judgement{?page,size,sort}>;rel="judgements", <http://127.0.0.1:8080/appeal{?page,size,sort}>;rel="appeals", <http://127.0.0.1:8080/examRule{?page,size,sort}>;rel="examRules", <http://127.0.0.1:8080/program{?page,size,sort}>;rel="programs", <http://127.0.0.1:8080/essay{?page,size,sort}>;rel="essays", <http://127.0.0.1:8080/teacher{?page,size,sort}>;rel="teachers", <http://127.0.0.1:8080/sysData{?page,size,sort}>;rel="sysDatas", <http://127.0.0.1:8080/logicClass{?page,size,sort}>;rel="logicClasses", <http://127.0.0.1:8080/paper{?page,size,sort}>;rel="papers", <http://127.0.0.1:8080/paperDetail{?page,size,sort}>;rel="paperDetails", <http://127.0.0.1:8080/sysUser{?page,s', '1', null, null, '2019-08-01 07:55:06', null, '2019-08-01 07:55:06', null, 1);
INSERT INTO sys_log (id, name, spell, browser, operation, from_url, ip, url, args, result, status, sort, create_user, create_time, modify_user, modify_time, remark, is_enable) VALUES (23, null, null, 'Mozilla/5.0 (X11; Linux x86_64; rv:68.0) Gecko/20100101 Firefox/68.0', 'GET', 'http://127.0.0.1:8080/sysLog', '127.0.0.1', '/sysLog', 'org.springframework.data.rest.webmvc.RootResourceInformation@4c9405da,org.springframework.data.rest.webmvc.support.DefaultedPageable@48ab8890,UNSORTED,org.springframework.data.rest.webmvc.PersistentEntityResourceAssembler@da90fe1', 'PagedResource { content: [Resource { content: SysLog(super=cn.edu.gzmu.model.entity.SysLog@d2022445, browser=PostmanRuntime/7.15.0, operation=GET, fromUrl=http://127.0.0.1:8080/, ip=127.0.0.1, url=/, args=, result=<200 OK OK,links: [<http://127.0.0.1:8080/sysRes{?page,size,sort}>;rel="sysReses", <http://127.0.0.1:8080/teacher{?page,size,sort}>;rel="teachers", <http://127.0.0.1:8080/knowledge{?page,size,sort}>;rel="knowledges", <http://127.0.0.1:8080/logicClass{?page,size,sort}>;rel="logicClasses", <http://127.0.0.1:8080/singleSel{?page,size,sort}>;rel="singleSels", <http://127.0.0.1:8080/appeal{?page,size,sort}>;rel="appeals", <http://127.0.0.1:8080/student{?page,size,sort}>;rel="students", <http://127.0.0.1:8080/paper{?page,size,sort}>;rel="papers", <http://127.0.0.1:8080/userConnection{?page,size,sort}>;rel="userConnections", <http://127.0.0.1:8080/multiSel{?page,size,sort}>;rel="multiSels", <http://127.0.0.1:8080/program{?page,size,sort}>;rel="programs", <http://127.0.0.1:8080/courseTimetableLocation{?page,size,sort}>;rel="courseTimetableLocations", <http://127.0.0.1:8080/judgement{?page,size,sort}>;rel="judgements", <http://127.0.0.1:8080/sysLog{?page,size,sort}>;rel="sysLogs", <http://127.0.0.1:8080/exam{?page,size,sort}>;rel="exams", <http://127.0.0.1:8080/semester{?page,size,sort}>;rel="semesters", <http://127.0.0.1:8080/course{?page,size,sort}>;rel="courses", <http://127.0.0.1:8080/essay{?page,size,sort}>;rel="essays", <http://127.0.0.1:8080/sysRoleRes{?page,size,sort}>;rel="sysRoleReses", <http://127.0.0.1:8080/examHistory{?page,size,sort}>;rel="examHistories", <http://127.0.0.1:8080/selOptions{?page,size,sort}>;rel="selOptionses", <http://127.0.0.1:8080/examRule{?page,size,sort}>;rel="examRules", <http://127.0.0.1:8080/sysUserRole{?page,size,sort}>;rel="sysUserRoles", <http://127.0.0.1:8080/section{?page,size,sort}>;rel="sections", <http://127.0.0.1:8080/paperDetail{?page,size,sort}>;rel="paperDetails", <http://127.0.0.1:8080/sysData{?page,size,sort}>;rel="sysDatas", <http://127.0.0.1:8080/sysUser{?page,size,sort}>;rel="sysUsers", <http://127.0.0.1:8080/sysRole{?page,size,sort}>;rel="sysRoles"],[]>, status=1), links: [<http://127.0.0.1:8080/sysLog/3>;rel="self", <http://127.0.0.1:8080/sysLog/3>;rel="sysLog"] }, Resource { content: SysLog(super=cn.edu.gzmu.model.entity.SysLog@a7acce98, browser=PostmanRuntime/7.15.0, operation=GET, fromUrl=http://127.0.0.1:8080/, ip=127.0.0.1, url=/, args=, result=<200 OK OK,links: [<http://127.0.0.1:8080/student{?page,size,sort}>;rel="students", <http://127.0.0.1:8080/courseTimetableLocation{?page,size,sort}>;rel="courseTimetableLocations", <http://127.0.0.1:8080/sysLog{?page,size,sort}>;rel="sysLogs", <http://127.0.0.1:8080/judgement{?page,size,sort}>;rel="judgements", <http://127.0.0.1:8080/teacher{?page,size,sort}>;rel="teachers", <http://127.0.0.1:8080/examRule{?page,size,sort}>;rel="examRules", <http://127.0.0.1:8080/logicClass{?page,size,sort}>;rel="logicClasses", <http://127.0.0.1:8080/sysRoleRes{?page,size,sort}>;rel="sysRoleReses", <http://127.0.0.1:8080/selOptions{?page,size,sort}>;rel="selOptionses", <http://127.0.0.1:8080/userConnection{?page,size,sort}>;rel="userConnections", <http://127.0.0.1:8080/program{?page,size,sort}>;rel="programs", <http://127.0.0.1:8080/semester{?page,size,sort}>;rel="semesters", <http://127.0.0.1:8080/sysData{?page,size,sort}>;rel="sysDatas", <http://127.0.0.1:8080/essay{?page,size,sort}>;rel="essays", <http://127.0.0.1:8080/appeal{?page,size,sort}>;rel="appeals", <http://127.0.0.1:8080/examHistory{?page,size,sort}>;rel="examHistories", <http://127.0.0.1:8080/paperDetail{?page,size,sort}>;rel="paperDetails", <http://127.0.0.1:8080/singleSel{?page,size,sort}>;rel="singleSels", <http://127.0.0.1:8080/knowledge{?page,size,sort}>;rel="knowledges", <http://127.0.0.1:8080/section{?page,size,sort}>;rel="sections", <http://127.0.0.1:8080/sysRole{?page,size,sort}>;rel="sysRoles", <http://127.0.0.1:8080/multiSel{?page,size,sort}>;rel="multiSels", <http://127.0.0.1:8080/paper{?page,size,sort}>;rel="papers", <http://127.0.0.1:8080/sysRes{?page,size,sort}>;rel="sysReses", <http://127.0.0.1:8080/course{?page,size,sort}>;rel="courses", <http://127.0.0.1:8080/sysUser{?page,size,sort}>;rel="sysUsers", <http://127.0.0.1:8080/exam{?page,size,sort}>;rel="exams", <http://127.0.0.1:8080/sysUserRole{?page,size,sort}>;rel="sysUserRoles"],[]>, status=1), links: [<http://127.0.0.1:8080/sysLog/4>;rel="self", <http://127.0.0.1:8080/sysLog/4>;rel="sysLog"] }, Resource { content: SysLog(super=cn.edu.gzmu.model.entity.SysLog@f531eaaa, browser=PostmanRuntime/7.15.0, operation=GET, fromUrl=http://127.0.0.1:8080/, ip=127.0.0.1, url=/, args=, result=<200 OK OK,links: [<http://127.0.0.1:8080/sysRes{?page,size,sort}>;rel="sysReses", <http://127.0.0.1:8080/sysUserRole{?page,size,sort}>;rel="sysUserRoles", <http://127.0.0.1:8080/section{?page,size,sort}>;rel="sections", <http://127.0.0.1:8080/courseTimetableLocation{?page,size,sort}>;rel="courseTimetableLocations", <http://127.0.0.1:8080/knowledge{?page,size,sort}>;rel="knowledges", <http://127.0.0.1:8080/judgement{?page,size,sort}>;rel="judgements", <http://127.0.0.1:8080/appeal{?page,size,sort}>;rel="appeals", <http://127.0.0.1:8080/examRule{?page,size,sort}>;rel="examRules", <http://127.0.0.1:8080/program{?page,size,sort}>;rel="programs", <http://127.0.0.1:8080/essay{?page,size,sort}>;rel="essays", <http://127.0.0.1:8080/teacher{?page,size,sort}>;rel="teachers", <http://127.0.0.1:8080/sysData{?page,size,sort}>;rel="sysDatas", <http://127.0.0.1:8080/logicClass{?page,size,sort}>;rel="logicClasses", <http://127.0.0.1:8080/paper{?page,size,sort}>;rel="papers", <http://127.0.0.1:8080/paperDetail{?page,size,sort}>;rel="paperDetails", <http://127.0.0.1:8080/sysUser{?page,size,sort}>;rel="sysUsers", <http://127.0.0.1:8080/sysLog{?page,size,sort}>;rel="sysLogs", <http://127.0.0.1:8080/sysRoleRes{?page,size,sort}>;rel="sysRoleReses", <http://127.0.0.1:8080/course{?page,size,sort}>;rel="courses", <http://127.0.0.1:8080/student{?page,size,sort}>;rel="students", <http://127.0.0.1:8080/selOptions{?page,size,sort}>;rel="selOptionses", <http://127.0.0.1:8080/multiSel{?page,size,sort}>;rel="multiSels", <http://127.0.0.1:8080/singleSel{?page,size,sort}>;rel="singleSels", <http://127.0.0.1:8080/exam{?page,size,sort}>;rel="exams", <http://127.0.0.1:8080/examHistory{?page,size,sort}>;rel="examHistories", <http://127.0.0.1:8080/userConnection{?page,size,sort}>;rel="userConnections", <http://127.0.0.1:8080/semester{?page,size,sort}>;rel="semesters", <http://127.0.0.1:8080/sysRole{?page,size,sort}>;rel="sysRoles"],[]>, status=1), links: [<http://127.0.0.1:8080/sysLog/5>;rel="self", <http://127.0.0.1:8080/sysLog/5>;rel="sysLog"] }, Resource { content: SysLog(super=cn.edu.gzmu.model.entity.SysLog@758770de, browser=PostmanRuntime/7.15.0, operation=GET, fromUrl=http://127.0.0.1:8080/, ip=127.0.0.1, url=/, args=, result=<200 OK OK,links: [<http://127.0.0.1:8080/sysRes{?page,size,sort}>;rel="sysReses", <http://127.0.0.1:8080/sysUserRole{?page,size,sort}>;rel="sysUserRoles", <http://127.0.0.1:8080/section{?page,size,sort}>;rel="sections", <http://127.0.0.1:8080/courseTimetableLocation{?page,size,sort}>;rel="courseTimetableLocations", <http://127.0.0.1:8080/knowledge{?page,size,sort}>;rel="knowledges", <http://127.0.0.1:8080/judgement{?page,size,sort}>;rel="judgements", <http://127.0.0.1:8080/appeal{?page,size,sort}>;rel="appeals", <http://127.0.0.1:8080/examRule{?page,size,sort}>;rel="examRules", <http://127.0.0.1:8080/program{?page,size,sort}>;rel="programs", <http://127.0.0.1:8080/essay{?page,size,sort}>;rel="essays", <http://127.0.0.1:8080/teacher{?page,size,sort}>;rel="teachers", <http://127.0.0.1:8080/sysData{?page,size,sort}>;rel="sysDatas", <http://127.0.0.1:8080/logicClass{?page,size,sort}>;rel="logicClasses", <http://127.0.0.1:8080/paper{?page,size,sort}>;rel="papers", <http://127.0.0.1:8080/paperDetail{?page,size,sort}>;rel="paperDetails", <http://127.0.0.1:8080/sysUser{?page,size,sort}>;rel="sysUsers", <http://127.0.0.1:8080/sysLog{?page,size,sort}>;rel="sysLogs", <http://127.0.0.1:8080/sysRoleRes{?page,size,sort}>;rel="sysRoleReses", <http://127.0.0.1:8080/course{?page,size,sort}>;rel="courses", <http://127.0.0.1:8080/student{?page,size,sort}>;rel="students", <http://127.0.0.1:8080/selOptions{?page,size,sort}>;rel="selOptionses", <http://127.0.0.1:8080/multiSel{?page,size,sort}>;rel="multiSels", <http://127.0.0.1:8080/singleSel{?page,size,sort}>;rel="singleSels", <http://127.0.0.1:8080/exam{?page,size,sort}>;rel="exams", <http://127.0.0.1:8080/examHistory{?page,size,sort}>;rel="examHistories", <http://127.0.0.1:8080/userConnection{?page,size,sort}>;rel="userConnections", <http://127.0.0.1:8080/semester{?page,size,sort}>;rel="semesters", <http://127.0.0.1:8080/sysRole{?page,size,sort}>;rel="sysRoles"],[]>, status=1), links: [<http://127.0.0.1:8080/sysLog/6>;rel="self", <http://127.0.0.1:8080/sysLog/6>;rel="sysLog"] }, Resource { content: SysLog(super=cn.edu.gzmu.model.entity.SysLog@b4686eeb, browser=PostmanRuntime/7.15.0, operation=GET, fromUrl=http://127.0.0.1:8080/, ip=127.0.0.1, url=/, args=, result=<200 OK OK,links: [<http://127.0.0.1:8080/sysRes{?page,size,sort}>;rel="sysReses", <http://127.0.0.1:8080/sysUserRole{?page,size,sort}>;rel="sysUserRoles", <http://127.0.0.1:8080/section{?page,size,sort}>;rel="sections", <http://127.0.0.1:8080/courseTimetableLocation{?page,size,sort}>;rel="courseTimetableLocations", <http://127.0.0.1:8080/knowledge{?page,size,sort}>;rel="knowledges", <http://127.0.0.1:8080/judgement{?page,size,sort}>;rel="judgements", <http://127.0.0.1:8080/appeal{?page,size,sort}>;rel="appeals", <http://127.0.0.1:8080/examRule{?page,size,sort}>;rel="examRules", <http://127.0.0.1:8080/program{?page,size,sort}>;rel="programs", <http://127.0.0.1:8080/essay{?page,size,sort}>;rel="essays", <http://127.0.0.1:8080/teacher{?page,size,sort}>;rel="teachers", <http://127.0.0.1:8080/sysData{?page,size,sort}>;rel="sysDatas", <http://127.0.0.1:8080/logicClass{?page,size,sort}>;rel="logicClasses", <http://127.0.0.1:8080/paper{?page,size,sort}>;rel="papers", <http://127.0.0.1:8080/paperDetail{?page,size,sort}>;rel="paperDetails", <http://127.0.0.1:8080/sysUser{?page,s', '1', null, null, '2019-08-01 07:56:52', null, '2019-08-01 07:56:52', null, 1);
INSERT INTO sys_log (id, name, spell, browser, operation, from_url, ip, url, args, result, status, sort, create_user, create_time, modify_user, modify_time, remark, is_enable) VALUES (24, null, null, 'Mozilla/5.0 (X11; Linux x86_64; rv:68.0) Gecko/20100101 Firefox/68.0', 'GET', 'http://127.0.0.1:8080/sysLog', '127.0.0.1', '/sysLog', 'org.springframework.data.rest.webmvc.RootResourceInformation@45752cbb,org.springframework.data.rest.webmvc.support.DefaultedPageable@414aa0cd,UNSORTED,org.springframework.data.rest.webmvc.PersistentEntityResourceAssembler@4482680', 'PagedResource { content: [Resource { content: SysLog(super=cn.edu.gzmu.model.entity.SysLog@ff5318bb, browser=PostmanRuntime/7.15.0, operation=GET, fromUrl=http://127.0.0.1:8080/, ip=127.0.0.1, url=/, args=, result=<200 OK OK,links: [<http://127.0.0.1:8080/sysRes{?page,size,sort}>;rel="sysReses", <http://127.0.0.1:8080/teacher{?page,size,sort}>;rel="teachers", <http://127.0.0.1:8080/knowledge{?page,size,sort}>;rel="knowledges", <http://127.0.0.1:8080/logicClass{?page,size,sort}>;rel="logicClasses", <http://127.0.0.1:8080/singleSel{?page,size,sort}>;rel="singleSels", <http://127.0.0.1:8080/appeal{?page,size,sort}>;rel="appeals", <http://127.0.0.1:8080/student{?page,size,sort}>;rel="students", <http://127.0.0.1:8080/paper{?page,size,sort}>;rel="papers", <http://127.0.0.1:8080/userConnection{?page,size,sort}>;rel="userConnections", <http://127.0.0.1:8080/multiSel{?page,size,sort}>;rel="multiSels", <http://127.0.0.1:8080/program{?page,size,sort}>;rel="programs", <http://127.0.0.1:8080/courseTimetableLocation{?page,size,sort}>;rel="courseTimetableLocations", <http://127.0.0.1:8080/judgement{?page,size,sort}>;rel="judgements", <http://127.0.0.1:8080/sysLog{?page,size,sort}>;rel="sysLogs", <http://127.0.0.1:8080/exam{?page,size,sort}>;rel="exams", <http://127.0.0.1:8080/semester{?page,size,sort}>;rel="semesters", <http://127.0.0.1:8080/course{?page,size,sort}>;rel="courses", <http://127.0.0.1:8080/essay{?page,size,sort}>;rel="essays", <http://127.0.0.1:8080/sysRoleRes{?page,size,sort}>;rel="sysRoleReses", <http://127.0.0.1:8080/examHistory{?page,size,sort}>;rel="examHistories", <http://127.0.0.1:8080/selOptions{?page,size,sort}>;rel="selOptionses", <http://127.0.0.1:8080/examRule{?page,size,sort}>;rel="examRules", <http://127.0.0.1:8080/sysUserRole{?page,size,sort}>;rel="sysUserRoles", <http://127.0.0.1:8080/section{?page,size,sort}>;rel="sections", <http://127.0.0.1:8080/paperDetail{?page,size,sort}>;rel="paperDetails", <http://127.0.0.1:8080/sysData{?page,size,sort}>;rel="sysDatas", <http://127.0.0.1:8080/sysUser{?page,size,sort}>;rel="sysUsers", <http://127.0.0.1:8080/sysRole{?page,size,sort}>;rel="sysRoles"],[]>, status=1), links: [<http://127.0.0.1:8080/sysLog/3>;rel="self", <http://127.0.0.1:8080/sysLog/3>;rel="sysLog"] }, Resource { content: SysLog(super=cn.edu.gzmu.model.entity.SysLog@dc245555, browser=PostmanRuntime/7.15.0, operation=GET, fromUrl=http://127.0.0.1:8080/, ip=127.0.0.1, url=/, args=, result=<200 OK OK,links: [<http://127.0.0.1:8080/student{?page,size,sort}>;rel="students", <http://127.0.0.1:8080/courseTimetableLocation{?page,size,sort}>;rel="courseTimetableLocations", <http://127.0.0.1:8080/sysLog{?page,size,sort}>;rel="sysLogs", <http://127.0.0.1:8080/judgement{?page,size,sort}>;rel="judgements", <http://127.0.0.1:8080/teacher{?page,size,sort}>;rel="teachers", <http://127.0.0.1:8080/examRule{?page,size,sort}>;rel="examRules", <http://127.0.0.1:8080/logicClass{?page,size,sort}>;rel="logicClasses", <http://127.0.0.1:8080/sysRoleRes{?page,size,sort}>;rel="sysRoleReses", <http://127.0.0.1:8080/selOptions{?page,size,sort}>;rel="selOptionses", <http://127.0.0.1:8080/userConnection{?page,size,sort}>;rel="userConnections", <http://127.0.0.1:8080/program{?page,size,sort}>;rel="programs", <http://127.0.0.1:8080/semester{?page,size,sort}>;rel="semesters", <http://127.0.0.1:8080/sysData{?page,size,sort}>;rel="sysDatas", <http://127.0.0.1:8080/essay{?page,size,sort}>;rel="essays", <http://127.0.0.1:8080/appeal{?page,size,sort}>;rel="appeals", <http://127.0.0.1:8080/examHistory{?page,size,sort}>;rel="examHistories", <http://127.0.0.1:8080/paperDetail{?page,size,sort}>;rel="paperDetails", <http://127.0.0.1:8080/singleSel{?page,size,sort}>;rel="singleSels", <http://127.0.0.1:8080/knowledge{?page,size,sort}>;rel="knowledges", <http://127.0.0.1:8080/section{?page,size,sort}>;rel="sections", <http://127.0.0.1:8080/sysRole{?page,size,sort}>;rel="sysRoles", <http://127.0.0.1:8080/multiSel{?page,size,sort}>;rel="multiSels", <http://127.0.0.1:8080/paper{?page,size,sort}>;rel="papers", <http://127.0.0.1:8080/sysRes{?page,size,sort}>;rel="sysReses", <http://127.0.0.1:8080/course{?page,size,sort}>;rel="courses", <http://127.0.0.1:8080/sysUser{?page,size,sort}>;rel="sysUsers", <http://127.0.0.1:8080/exam{?page,size,sort}>;rel="exams", <http://127.0.0.1:8080/sysUserRole{?page,size,sort}>;rel="sysUserRoles"],[]>, status=1), links: [<http://127.0.0.1:8080/sysLog/4>;rel="self", <http://127.0.0.1:8080/sysLog/4>;rel="sysLog"] }, Resource { content: SysLog(super=cn.edu.gzmu.model.entity.SysLog@b0794429, browser=PostmanRuntime/7.15.0, operation=GET, fromUrl=http://127.0.0.1:8080/, ip=127.0.0.1, url=/, args=, result=<200 OK OK,links: [<http://127.0.0.1:8080/sysRes{?page,size,sort}>;rel="sysReses", <http://127.0.0.1:8080/sysUserRole{?page,size,sort}>;rel="sysUserRoles", <http://127.0.0.1:8080/section{?page,size,sort}>;rel="sections", <http://127.0.0.1:8080/courseTimetableLocation{?page,size,sort}>;rel="courseTimetableLocations", <http://127.0.0.1:8080/knowledge{?page,size,sort}>;rel="knowledges", <http://127.0.0.1:8080/judgement{?page,size,sort}>;rel="judgements", <http://127.0.0.1:8080/appeal{?page,size,sort}>;rel="appeals", <http://127.0.0.1:8080/examRule{?page,size,sort}>;rel="examRules", <http://127.0.0.1:8080/program{?page,size,sort}>;rel="programs", <http://127.0.0.1:8080/essay{?page,size,sort}>;rel="essays", <http://127.0.0.1:8080/teacher{?page,size,sort}>;rel="teachers", <http://127.0.0.1:8080/sysData{?page,size,sort}>;rel="sysDatas", <http://127.0.0.1:8080/logicClass{?page,size,sort}>;rel="logicClasses", <http://127.0.0.1:8080/paper{?page,size,sort}>;rel="papers", <http://127.0.0.1:8080/paperDetail{?page,size,sort}>;rel="paperDetails", <http://127.0.0.1:8080/sysUser{?page,size,sort}>;rel="sysUsers", <http://127.0.0.1:8080/sysLog{?page,size,sort}>;rel="sysLogs", <http://127.0.0.1:8080/sysRoleRes{?page,size,sort}>;rel="sysRoleReses", <http://127.0.0.1:8080/course{?page,size,sort}>;rel="courses", <http://127.0.0.1:8080/student{?page,size,sort}>;rel="students", <http://127.0.0.1:8080/selOptions{?page,size,sort}>;rel="selOptionses", <http://127.0.0.1:8080/multiSel{?page,size,sort}>;rel="multiSels", <http://127.0.0.1:8080/singleSel{?page,size,sort}>;rel="singleSels", <http://127.0.0.1:8080/exam{?page,size,sort}>;rel="exams", <http://127.0.0.1:8080/examHistory{?page,size,sort}>;rel="examHistories", <http://127.0.0.1:8080/userConnection{?page,size,sort}>;rel="userConnections", <http://127.0.0.1:8080/semester{?page,size,sort}>;rel="semesters", <http://127.0.0.1:8080/sysRole{?page,size,sort}>;rel="sysRoles"],[]>, status=1), links: [<http://127.0.0.1:8080/sysLog/5>;rel="self", <http://127.0.0.1:8080/sysLog/5>;rel="sysLog"] }, Resource { content: SysLog(super=cn.edu.gzmu.model.entity.SysLog@6c5a3766, browser=PostmanRuntime/7.15.0, operation=GET, fromUrl=http://127.0.0.1:8080/, ip=127.0.0.1, url=/, args=, result=<200 OK OK,links: [<http://127.0.0.1:8080/sysRes{?page,size,sort}>;rel="sysReses", <http://127.0.0.1:8080/sysUserRole{?page,size,sort}>;rel="sysUserRoles", <http://127.0.0.1:8080/section{?page,size,sort}>;rel="sections", <http://127.0.0.1:8080/courseTimetableLocation{?page,size,sort}>;rel="courseTimetableLocations", <http://127.0.0.1:8080/knowledge{?page,size,sort}>;rel="knowledges", <http://127.0.0.1:8080/judgement{?page,size,sort}>;rel="judgements", <http://127.0.0.1:8080/appeal{?page,size,sort}>;rel="appeals", <http://127.0.0.1:8080/examRule{?page,size,sort}>;rel="examRules", <http://127.0.0.1:8080/program{?page,size,sort}>;rel="programs", <http://127.0.0.1:8080/essay{?page,size,sort}>;rel="essays", <http://127.0.0.1:8080/teacher{?page,size,sort}>;rel="teachers", <http://127.0.0.1:8080/sysData{?page,size,sort}>;rel="sysDatas", <http://127.0.0.1:8080/logicClass{?page,size,sort}>;rel="logicClasses", <http://127.0.0.1:8080/paper{?page,size,sort}>;rel="papers", <http://127.0.0.1:8080/paperDetail{?page,size,sort}>;rel="paperDetails", <http://127.0.0.1:8080/sysUser{?page,size,sort}>;rel="sysUsers", <http://127.0.0.1:8080/sysLog{?page,size,sort}>;rel="sysLogs", <http://127.0.0.1:8080/sysRoleRes{?page,size,sort}>;rel="sysRoleReses", <http://127.0.0.1:8080/course{?page,size,sort}>;rel="courses", <http://127.0.0.1:8080/student{?page,size,sort}>;rel="students", <http://127.0.0.1:8080/selOptions{?page,size,sort}>;rel="selOptionses", <http://127.0.0.1:8080/multiSel{?page,size,sort}>;rel="multiSels", <http://127.0.0.1:8080/singleSel{?page,size,sort}>;rel="singleSels", <http://127.0.0.1:8080/exam{?page,size,sort}>;rel="exams", <http://127.0.0.1:8080/examHistory{?page,size,sort}>;rel="examHistories", <http://127.0.0.1:8080/userConnection{?page,size,sort}>;rel="userConnections", <http://127.0.0.1:8080/semester{?page,size,sort}>;rel="semesters", <http://127.0.0.1:8080/sysRole{?page,size,sort}>;rel="sysRoles"],[]>, status=1), links: [<http://127.0.0.1:8080/sysLog/6>;rel="self", <http://127.0.0.1:8080/sysLog/6>;rel="sysLog"] }, Resource { content: SysLog(super=cn.edu.gzmu.model.entity.SysLog@ad52cea0, browser=PostmanRuntime/7.15.0, operation=GET, fromUrl=http://127.0.0.1:8080/, ip=127.0.0.1, url=/, args=, result=<200 OK OK,links: [<http://127.0.0.1:8080/sysRes{?page,size,sort}>;rel="sysReses", <http://127.0.0.1:8080/sysUserRole{?page,size,sort}>;rel="sysUserRoles", <http://127.0.0.1:8080/section{?page,size,sort}>;rel="sections", <http://127.0.0.1:8080/courseTimetableLocation{?page,size,sort}>;rel="courseTimetableLocations", <http://127.0.0.1:8080/knowledge{?page,size,sort}>;rel="knowledges", <http://127.0.0.1:8080/judgement{?page,size,sort}>;rel="judgements", <http://127.0.0.1:8080/appeal{?page,size,sort}>;rel="appeals", <http://127.0.0.1:8080/examRule{?page,size,sort}>;rel="examRules", <http://127.0.0.1:8080/program{?page,size,sort}>;rel="programs", <http://127.0.0.1:8080/essay{?page,size,sort}>;rel="essays", <http://127.0.0.1:8080/teacher{?page,size,sort}>;rel="teachers", <http://127.0.0.1:8080/sysData{?page,size,sort}>;rel="sysDatas", <http://127.0.0.1:8080/logicClass{?page,size,sort}>;rel="logicClasses", <http://127.0.0.1:8080/paper{?page,size,sort}>;rel="papers", <http://127.0.0.1:8080/paperDetail{?page,size,sort}>;rel="paperDetails", <http://127.0.0.1:8080/sysUser{?page,s', '1', null, null, '2019-08-01 07:57:11', null, '2019-08-01 07:57:11', null, 1);
INSERT INTO sys_log (id, name, spell, browser, operation, from_url, ip, url, args, result, status, sort, create_user, create_time, modify_user, modify_time, remark, is_enable) VALUES (25, null, null, 'Mozilla/5.0 (X11; Linux x86_64; rv:68.0) Gecko/20100101 Firefox/68.0', 'GET', 'http://127.0.0.1:8080/sysLog', '127.0.0.1', '/sysLog', 'org.springframework.data.rest.webmvc.RootResourceInformation@37777ed6,org.springframework.data.rest.webmvc.support.DefaultedPageable@3348ece0,UNSORTED,org.springframework.data.rest.webmvc.PersistentEntityResourceAssembler@764a74ed', 'PagedResource { content: [Resource { content: SysLog(super=cn.edu.gzmu.model.entity.SysLog@247a8a19, browser=PostmanRuntime/7.15.0, operation=GET, fromUrl=http://127.0.0.1:8080/, ip=127.0.0.1, url=/, args=, result=<200 OK OK,links: [<http://127.0.0.1:8080/sysRes{?page,size,sort}>;rel="sysReses", <http://127.0.0.1:8080/teacher{?page,size,sort}>;rel="teachers", <http://127.0.0.1:8080/knowledge{?page,size,sort}>;rel="knowledges", <http://127.0.0.1:8080/logicClass{?page,size,sort}>;rel="logicClasses", <http://127.0.0.1:8080/singleSel{?page,size,sort}>;rel="singleSels", <http://127.0.0.1:8080/appeal{?page,size,sort}>;rel="appeals", <http://127.0.0.1:8080/student{?page,size,sort}>;rel="students", <http://127.0.0.1:8080/paper{?page,size,sort}>;rel="papers", <http://127.0.0.1:8080/userConnection{?page,size,sort}>;rel="userConnections", <http://127.0.0.1:8080/multiSel{?page,size,sort}>;rel="multiSels", <http://127.0.0.1:8080/program{?page,size,sort}>;rel="programs", <http://127.0.0.1:8080/courseTimetableLocation{?page,size,sort}>;rel="courseTimetableLocations", <http://127.0.0.1:8080/judgement{?page,size,sort}>;rel="judgements", <http://127.0.0.1:8080/sysLog{?page,size,sort}>;rel="sysLogs", <http://127.0.0.1:8080/exam{?page,size,sort}>;rel="exams", <http://127.0.0.1:8080/semester{?page,size,sort}>;rel="semesters", <http://127.0.0.1:8080/course{?page,size,sort}>;rel="courses", <http://127.0.0.1:8080/essay{?page,size,sort}>;rel="essays", <http://127.0.0.1:8080/sysRoleRes{?page,size,sort}>;rel="sysRoleReses", <http://127.0.0.1:8080/examHistory{?page,size,sort}>;rel="examHistories", <http://127.0.0.1:8080/selOptions{?page,size,sort}>;rel="selOptionses", <http://127.0.0.1:8080/examRule{?page,size,sort}>;rel="examRules", <http://127.0.0.1:8080/sysUserRole{?page,size,sort}>;rel="sysUserRoles", <http://127.0.0.1:8080/section{?page,size,sort}>;rel="sections", <http://127.0.0.1:8080/paperDetail{?page,size,sort}>;rel="paperDetails", <http://127.0.0.1:8080/sysData{?page,size,sort}>;rel="sysDatas", <http://127.0.0.1:8080/sysUser{?page,size,sort}>;rel="sysUsers", <http://127.0.0.1:8080/sysRole{?page,size,sort}>;rel="sysRoles"],[]>, status=1), links: [<http://127.0.0.1:8080/sysLog/3>;rel="self", <http://127.0.0.1:8080/sysLog/3>;rel="sysLog"] }, Resource { content: SysLog(super=cn.edu.gzmu.model.entity.SysLog@246f6e98, browser=PostmanRuntime/7.15.0, operation=GET, fromUrl=http://127.0.0.1:8080/, ip=127.0.0.1, url=/, args=, result=<200 OK OK,links: [<http://127.0.0.1:8080/student{?page,size,sort}>;rel="students", <http://127.0.0.1:8080/courseTimetableLocation{?page,size,sort}>;rel="courseTimetableLocations", <http://127.0.0.1:8080/sysLog{?page,size,sort}>;rel="sysLogs", <http://127.0.0.1:8080/judgement{?page,size,sort}>;rel="judgements", <http://127.0.0.1:8080/teacher{?page,size,sort}>;rel="teachers", <http://127.0.0.1:8080/examRule{?page,size,sort}>;rel="examRules", <http://127.0.0.1:8080/logicClass{?page,size,sort}>;rel="logicClasses", <http://127.0.0.1:8080/sysRoleRes{?page,size,sort}>;rel="sysRoleReses", <http://127.0.0.1:8080/selOptions{?page,size,sort}>;rel="selOptionses", <http://127.0.0.1:8080/userConnection{?page,size,sort}>;rel="userConnections", <http://127.0.0.1:8080/program{?page,size,sort}>;rel="programs", <http://127.0.0.1:8080/semester{?page,size,sort}>;rel="semesters", <http://127.0.0.1:8080/sysData{?page,size,sort}>;rel="sysDatas", <http://127.0.0.1:8080/essay{?page,size,sort}>;rel="essays", <http://127.0.0.1:8080/appeal{?page,size,sort}>;rel="appeals", <http://127.0.0.1:8080/examHistory{?page,size,sort}>;rel="examHistories", <http://127.0.0.1:8080/paperDetail{?page,size,sort}>;rel="paperDetails", <http://127.0.0.1:8080/singleSel{?page,size,sort}>;rel="singleSels", <http://127.0.0.1:8080/knowledge{?page,size,sort}>;rel="knowledges", <http://127.0.0.1:8080/section{?page,size,sort}>;rel="sections", <http://127.0.0.1:8080/sysRole{?page,size,sort}>;rel="sysRoles", <http://127.0.0.1:8080/multiSel{?page,size,sort}>;rel="multiSels", <http://127.0.0.1:8080/paper{?page,size,sort}>;rel="papers", <http://127.0.0.1:8080/sysRes{?page,size,sort}>;rel="sysReses", <http://127.0.0.1:8080/course{?page,size,sort}>;rel="courses", <http://127.0.0.1:8080/sysUser{?page,size,sort}>;rel="sysUsers", <http://127.0.0.1:8080/exam{?page,size,sort}>;rel="exams", <http://127.0.0.1:8080/sysUserRole{?page,size,sort}>;rel="sysUserRoles"],[]>, status=1), links: [<http://127.0.0.1:8080/sysLog/4>;rel="self", <http://127.0.0.1:8080/sysLog/4>;rel="sysLog"] }, Resource { content: SysLog(super=cn.edu.gzmu.model.entity.SysLog@4d6bd187, browser=PostmanRuntime/7.15.0, operation=GET, fromUrl=http://127.0.0.1:8080/, ip=127.0.0.1, url=/, args=, result=<200 OK OK,links: [<http://127.0.0.1:8080/sysRes{?page,size,sort}>;rel="sysReses", <http://127.0.0.1:8080/sysUserRole{?page,size,sort}>;rel="sysUserRoles", <http://127.0.0.1:8080/section{?page,size,sort}>;rel="sections", <http://127.0.0.1:8080/courseTimetableLocation{?page,size,sort}>;rel="courseTimetableLocations", <http://127.0.0.1:8080/knowledge{?page,size,sort}>;rel="knowledges", <http://127.0.0.1:8080/judgement{?page,size,sort}>;rel="judgements", <http://127.0.0.1:8080/appeal{?page,size,sort}>;rel="appeals", <http://127.0.0.1:8080/examRule{?page,size,sort}>;rel="examRules", <http://127.0.0.1:8080/program{?page,size,sort}>;rel="programs", <http://127.0.0.1:8080/essay{?page,size,sort}>;rel="essays", <http://127.0.0.1:8080/teacher{?page,size,sort}>;rel="teachers", <http://127.0.0.1:8080/sysData{?page,size,sort}>;rel="sysDatas", <http://127.0.0.1:8080/logicClass{?page,size,sort}>;rel="logicClasses", <http://127.0.0.1:8080/paper{?page,size,sort}>;rel="papers", <http://127.0.0.1:8080/paperDetail{?page,size,sort}>;rel="paperDetails", <http://127.0.0.1:8080/sysUser{?page,size,sort}>;rel="sysUsers", <http://127.0.0.1:8080/sysLog{?page,size,sort}>;rel="sysLogs", <http://127.0.0.1:8080/sysRoleRes{?page,size,sort}>;rel="sysRoleReses", <http://127.0.0.1:8080/course{?page,size,sort}>;rel="courses", <http://127.0.0.1:8080/student{?page,size,sort}>;rel="students", <http://127.0.0.1:8080/selOptions{?page,size,sort}>;rel="selOptionses", <http://127.0.0.1:8080/multiSel{?page,size,sort}>;rel="multiSels", <http://127.0.0.1:8080/singleSel{?page,size,sort}>;rel="singleSels", <http://127.0.0.1:8080/exam{?page,size,sort}>;rel="exams", <http://127.0.0.1:8080/examHistory{?page,size,sort}>;rel="examHistories", <http://127.0.0.1:8080/userConnection{?page,size,sort}>;rel="userConnections", <http://127.0.0.1:8080/semester{?page,size,sort}>;rel="semesters", <http://127.0.0.1:8080/sysRole{?page,size,sort}>;rel="sysRoles"],[]>, status=1), links: [<http://127.0.0.1:8080/sysLog/5>;rel="self", <http://127.0.0.1:8080/sysLog/5>;rel="sysLog"] }, Resource { content: SysLog(super=cn.edu.gzmu.model.entity.SysLog@d850633, browser=PostmanRuntime/7.15.0, operation=GET, fromUrl=http://127.0.0.1:8080/, ip=127.0.0.1, url=/, args=, result=<200 OK OK,links: [<http://127.0.0.1:8080/sysRes{?page,size,sort}>;rel="sysReses", <http://127.0.0.1:8080/sysUserRole{?page,size,sort}>;rel="sysUserRoles", <http://127.0.0.1:8080/section{?page,size,sort}>;rel="sections", <http://127.0.0.1:8080/courseTimetableLocation{?page,size,sort}>;rel="courseTimetableLocations", <http://127.0.0.1:8080/knowledge{?page,size,sort}>;rel="knowledges", <http://127.0.0.1:8080/judgement{?page,size,sort}>;rel="judgements", <http://127.0.0.1:8080/appeal{?page,size,sort}>;rel="appeals", <http://127.0.0.1:8080/examRule{?page,size,sort}>;rel="examRules", <http://127.0.0.1:8080/program{?page,size,sort}>;rel="programs", <http://127.0.0.1:8080/essay{?page,size,sort}>;rel="essays", <http://127.0.0.1:8080/teacher{?page,size,sort}>;rel="teachers", <http://127.0.0.1:8080/sysData{?page,size,sort}>;rel="sysDatas", <http://127.0.0.1:8080/logicClass{?page,size,sort}>;rel="logicClasses", <http://127.0.0.1:8080/paper{?page,size,sort}>;rel="papers", <http://127.0.0.1:8080/paperDetail{?page,size,sort}>;rel="paperDetails", <http://127.0.0.1:8080/sysUser{?page,size,sort}>;rel="sysUsers", <http://127.0.0.1:8080/sysLog{?page,size,sort}>;rel="sysLogs", <http://127.0.0.1:8080/sysRoleRes{?page,size,sort}>;rel="sysRoleReses", <http://127.0.0.1:8080/course{?page,size,sort}>;rel="courses", <http://127.0.0.1:8080/student{?page,size,sort}>;rel="students", <http://127.0.0.1:8080/selOptions{?page,size,sort}>;rel="selOptionses", <http://127.0.0.1:8080/multiSel{?page,size,sort}>;rel="multiSels", <http://127.0.0.1:8080/singleSel{?page,size,sort}>;rel="singleSels", <http://127.0.0.1:8080/exam{?page,size,sort}>;rel="exams", <http://127.0.0.1:8080/examHistory{?page,size,sort}>;rel="examHistories", <http://127.0.0.1:8080/userConnection{?page,size,sort}>;rel="userConnections", <http://127.0.0.1:8080/semester{?page,size,sort}>;rel="semesters", <http://127.0.0.1:8080/sysRole{?page,size,sort}>;rel="sysRoles"],[]>, status=1), links: [<http://127.0.0.1:8080/sysLog/6>;rel="self", <http://127.0.0.1:8080/sysLog/6>;rel="sysLog"] }, Resource { content: SysLog(super=cn.edu.gzmu.model.entity.SysLog@c6f0888e, browser=PostmanRuntime/7.15.0, operation=GET, fromUrl=http://127.0.0.1:8080/, ip=127.0.0.1, url=/, args=, result=<200 OK OK,links: [<http://127.0.0.1:8080/sysRes{?page,size,sort}>;rel="sysReses", <http://127.0.0.1:8080/sysUserRole{?page,size,sort}>;rel="sysUserRoles", <http://127.0.0.1:8080/section{?page,size,sort}>;rel="sections", <http://127.0.0.1:8080/courseTimetableLocation{?page,size,sort}>;rel="courseTimetableLocations", <http://127.0.0.1:8080/knowledge{?page,size,sort}>;rel="knowledges", <http://127.0.0.1:8080/judgement{?page,size,sort}>;rel="judgements", <http://127.0.0.1:8080/appeal{?page,size,sort}>;rel="appeals", <http://127.0.0.1:8080/examRule{?page,size,sort}>;rel="examRules", <http://127.0.0.1:8080/program{?page,size,sort}>;rel="programs", <http://127.0.0.1:8080/essay{?page,size,sort}>;rel="essays", <http://127.0.0.1:8080/teacher{?page,size,sort}>;rel="teachers", <http://127.0.0.1:8080/sysData{?page,size,sort}>;rel="sysDatas", <http://127.0.0.1:8080/logicClass{?page,size,sort}>;rel="logicClasses", <http://127.0.0.1:8080/paper{?page,size,sort}>;rel="papers", <http://127.0.0.1:8080/paperDetail{?page,size,sort}>;rel="paperDetails", <http://127.0.0.1:8080/sysUser{?page,si', '1', null, null, '2019-08-01 07:57:12', null, '2019-08-01 07:57:12', null, 1);

INSERT INTO sys_res (id, name, spell, parent_id, des, match_url, router, component, icon_cls, level, method, type, sort, create_user, create_time, modify_user, modify_time, remark, is_enable) VALUES (1, '手机登录', null, null, 'oauth 手机登录', '/oauth/sms', '-', '-', '-', 0, 'GET', null, null, null, '2019-04-20 17:11:01', null, '2019-04-20 17:20:33', null, 1);
INSERT INTO sys_res (id, name, spell, parent_id, des, match_url, router, component, icon_cls, level, method, type, sort, create_user, create_time, modify_user, modify_time, remark, is_enable) VALUES (2, '日志管理', null, null, '获取日志信息', '/sysLogs/**', '/sysLogs', 'sysLogs', null, 0, 'GET', null, null, null, '2019-04-20 17:11:55', null, '2019-04-20 17:22:54', null, 1);
INSERT INTO sys_res (id, name, spell, parent_id, des, match_url, router, component, icon_cls, level, method, type, sort, create_user, create_time, modify_user, modify_time, remark, is_enable) VALUES (3, '日志管理-新增', null, null, '新增日志信息', '/sysLogs/**', null, null, null, 2, 'POST', null, null, null, '2019-04-20 17:21:09', null, '2019-04-20 17:22:54', null, 1);
INSERT INTO sys_res (id, name, spell, parent_id, des, match_url, router, component, icon_cls, level, method, type, sort, create_user, create_time, modify_user, modify_time, remark, is_enable) VALUES (4, '日志管理-删除', null, null, '删除日志信息', '/sysLogs/**', null, null, null, 2, 'DELETE', null, null, null, '2019-04-20 17:22:54', null, '2019-04-20 17:22:54', null, 1);
INSERT INTO sys_res (id, name, spell, parent_id, des, match_url, router, component, icon_cls, level, method, type, sort, create_user, create_time, modify_user, modify_time, remark, is_enable) VALUES (5, '日志管理-编辑', null, null, '编辑日志信息', '/sysLogs/**', null, null, null, 2, 'PUT', null, null, null, '2019-04-20 17:22:54', null, '2019-04-20 17:22:54', null, 1);
INSERT INTO sys_res (id, name, spell, parent_id, des, match_url, router, component, icon_cls, level, method, type, sort, create_user, create_time, modify_user, modify_time, remark, is_enable) VALUES (6, '用户管理', null, null, '获取用户信息', '/sysLogs/**', null, null, null, 0, 'GET', null, null, null, '2019-04-20 17:22:54', null, '2019-04-20 17:22:54', null, 1);
